,Unnamed: 0,index,letter,date of the certificate | month,date of the certificate | day,date of the certificate | year,to whom due | first name,to whom due | last name,to whom due | title,time when the debt became due | month,time when the debt became due | day,time when the debt became due | year,amount | dollars,amount | 90th,line strike through? | yes?,line strike through? | note,notes,state,org_file,org_index,to whom due | title.1,to whom due | first name.1,to whom due | last name.1,amount | 10th,exchange,amount in specie | dollars,amount in specie | cents,amount | 8th,delivered | month,delivered | day,delivered | year,total dollars | notes,total dollars | notes.1,full name,matches
14229,14229,15841.0,,,,,Gideon,Aiken,Jun,,,,48.0,0,,,,nc,Pierce_Certs_cleaned_2019.xlsx,545.0,,,,,,,,,,,,,,Gideon Aiken,"[('Gideon Aikens', 96.0, 14231)]"
14231,14231,15844.0,,,,,Gideon,Aikens,,,,,80.0,,,,,nc,Pierce_Certs_cleaned_2019.xlsx,548.0,,,,,,,,,,,,,,Gideon Aikens,"[('Gideon Aiken', 96.0, 14229)]"
14600,14600,16853.0,,,,,Thomas,Anderson,Jun,,,,5074.0,0,,,,nc,Pierce_Certs_cleaned_2019.xlsx,1557.0,,,,,,,,,,,,,,Thomas Anderson,"[('Thomas Thomas', 95.0, 46990)]"
14665,14665,17002.0,,,,,Thomas,Angel,,,,,76.6,,,,,nc,Pierce_Certs_cleaned_2019.xlsx,1706.0,,,,,,,,,,,,,,Thomas Angel,"[('Thomas Thomas', 95.0, 46990)]"
14772,14772,17273.0,,,,,Thomas,Armstrong,Jun,,,,2866.0,0,,,,nc,Pierce_Certs_cleaned_2019.xlsx,1977.0,,,,,,,,,,,,,,Thomas Armstrong,"[('Thomas Thomas', 95.0, 46990)]"
14816,14816,17366.0,,,,,Charles,Ashe,,,,,76.6,,,,,nc,Pierce_Certs_cleaned_2019.xlsx,2070.0,,,,,,,,,,,,,,Charles Ashe,"[('Charles Ashue', 96.0, 14840)]"
14840,14840,17424.0,,,,,Charles,Ashue,,,,,25.5,,,,,nc,Pierce_Certs_cleaned_2019.xlsx,2128.0,,,,,,,,,,,,,,Charles Ashue,"[('Charles Ashe', 96.0, 14816)]"
14873,14873,17484.0,,,,,Benjamin,Atkins,,,,,115.0,,,,,nc,Pierce_Certs_cleaned_2019.xlsx,2188.0,,,,,,,,,,,,,,Benjamin Atkins,"[('Benjamin Watkins', 90.32258064516128, 49024)]"
15076,15076,17954.0,,,,,Peter,Bacot,Jun,,,,392.0,0,,,,nc,Pierce_Certs_cleaned_2019.xlsx,2658.0,,,,,,,,,,,,,,Peter Bacot,"[('Peter Bauot', 90.9090909090909, 15962)]"
15149,15149,18183.0,,,,,Joseph,Bailey,Jun,,,,493.0,0,,,,nc,Pierce_Certs_cleaned_2019.xlsx,2887.0,,,,,,,,,,,,,,Joseph Bailey,"[('Joseph Baxley', 92.3076923076923, 15972)]"
15211,15211,18342.0,,,,,Isaac,Baker,,,,,60.0,,,,,nc,Pierce_Certs_cleaned_2019.xlsx,3046.0,,,,,,,,,,,,,,Isaac Baker,"[('Isaac Barker', 95.65217391304348, 15482)]"
15322,15322,18701.0,,,,,Kedar,Ballard,Jun,,,,800.0,0,,,,nc,Pierce_Certs_cleaned_2019.xlsx,3405.0,,,,,,,,,,,,,,Kedar Ballard,"[('Keder Ballard', 92.3076923076923, 15323)]"
15323,15323,18702.0,,,,,Keder,Ballard,,,,,800.0,,,,,nc,Pierce_Certs_cleaned_2019.xlsx,3406.0,,,,,,,,,,,,,,Keder Ballard,"[('Kedar Ballard', 92.3076923076923, 15322)]"
15482,15482,19035.0,,,,,Isaac,Barker,Jun,,,,100.0,0,,,,nc,Pierce_Certs_cleaned_2019.xlsx,3739.0,,,,,,,,,,,,,,Isaac Barker,"[('Isaac Baker', 95.65217391304348, 15211)]"
15581,15581,19299.0,,,,,William,Barnett,Jun,,,,140.0,0,,,,nc,Pierce_Certs_cleaned_2019.xlsx,4003.0,,,,,,,,,,,,,,William Barnett,"[('William Burnett', 93.33333333333333, 18726)]"
15902,15902,20020.0,,,,,Luka,Bates,,,,,43.3,,,,,nc,Pierce_Certs_cleaned_2019.xlsx,4724.0,,,,,,,,,,,,,,Luka Bates,"[('Luke Bates', 90.0, 15903)]"
15903,15903,20023.0,,,,,Luke,Bates,Jun,,,,160.0,0,,,,nc,Pierce_Certs_cleaned_2019.xlsx,4727.0,,,,,,,,,,,,,,Luke Bates,"[('Luka Bates', 90.0, 15902)]"
15962,15962,20135.0,,,,,Peter,Bauot,Jun,,,,1600.0,0,,,,nc,Pierce_Certs_cleaned_2019.xlsx,4839.0,,,,,,,,,,,,,,Peter Bauot,"[('Peter Bacot', 90.9090909090909, 15076)]"
15972,15972,20149.0,,,,,Joseph,Baxley,,,,,41.3,,,,,nc,Pierce_Certs_cleaned_2019.xlsx,4853.0,,,,,,,,,,,,,,Joseph Baxley,"[('Joseph Bailey', 92.3076923076923, 15149)]"
15984,15984,20182.0,,,,,Thomas,Baxter,Jun,,,,225.0,0,,,,nc,Pierce_Certs_cleaned_2019.xlsx,4886.0,,,,,,,,,,,,,,Thomas Baxter,"[('Thomas Thomas', 95.0, 46990)]"
16307,16307,20862.0,,,,,William,Bell,Jun,,,,73.0,0,,,,nc,Pierce_Certs_cleaned_2019.xlsx,5566.0,,,,,,,,,,,,,,William Bell,"[('William Uell', 91.66666666666666, 47960)]"
16368,16368,20971.0,,,,,Drury,Benham,,,,,65.0,,,,,nc,Pierce_Certs_cleaned_2019.xlsx,5675.0,,,,,,,,,,,,,,Drury Benham,"[('Drury Binham', 91.66666666666666, 16733)]"
16714,16714,21796.0,,,,,Thomas,Billups,,,,,25.6,,,,,nc,Pierce_Certs_cleaned_2019.xlsx,6500.0,,,,,,,,,,,,,,Thomas Billups,"[('Thomas Thomas', 95.0, 46990)]"
16733,16733,21840.0,,,,,Drury,Binham,,,,,80.0,,,,,nc,Pierce_Certs_cleaned_2019.xlsx,6544.0,,,,,,,,,,,,,,Drury Binham,"[('Drury Benham', 91.66666666666666, 16368)]"
17100,17100,22739.0,,,,,Thomas,Blount,,,,,32.2,,,,,nc,Pierce_Certs_cleaned_2019.xlsx,7443.0,,,,,,,,,,,,,,Thomas Blount,"[('Thomas Thomas', 95.0, 46990)]"
17202,17202,22928.0,,,,,Thomas,Boling,,,,,76.6,,,,,nc,Pierce_Certs_cleaned_2019.xlsx,7632.0,,,,,,,,,,,,,,Thomas Boling,"[('Thomas Thomas', 95.0, 46990)]"
17779,17779,24268.0,,,,,Thomas,Brannen,,,,,22.2,,,,,nc,Pierce_Certs_cleaned_2019.xlsx,8972.0,,,,,,,,,,,,,,Thomas Brannen,"[('Thomas Thomas', 95.0, 46990)]"
17845,17845,24383.0,,,,,Joseph,Brevard,Jun,,,,183.0,0.0,,,,nc,Pierce_Certs_cleaned_2019.xlsx,9087.0,,,,,,,,,,,,,,Joseph Brevard,"[('Joseph Breward', 92.85714285714286, 17848)]"
17848,17848,24393.0,,,,,Joseph,Breward,Jun,,,,1066.0,0.0,,,,nc,Pierce_Certs_cleaned_2019.xlsx,9097.0,,,,,,,,,,,,,,Joseph Breward,"[('Joseph Brevard', 92.85714285714286, 17845)]"
17889,17889,24501.0,,,,,William,Brickel,,,,,20.0,,,,,nc,Pierce_Certs_cleaned_2019.xlsx,9205.0,,,,,,,,,,,,,,William Brickel,"[('William Brickles', 90.32258064516128, 17892)]"
17892,17892,24504.0,,,,,William,Brickles,,,,,21.1,,,,,nc,Pierce_Certs_cleaned_2019.xlsx,9208.0,,,,,,,,,,,,,,William Brickles,"[('William Brickel', 90.32258064516128, 17889)]"
18045,18045,24829.0,,,,,Thomas,Brookins,,,,,69.6,,,,,nc,Pierce_Certs_cleaned_2019.xlsx,9533.0,,,,,,,,,,,,,,Thomas Brookins,"[('Thomas Thomas', 95.0, 46990)]"
18194,18194,25612.0,,,,,Thomas,Brown,Jun,,,,2552.0,0.0,,,,nc,Pierce_Certs_cleaned_2019.xlsx,10316.0,,,,,,,,,,,,,,Thomas Brown,"[('Thomas Thomas', 95.0, 46990)]"
18277,18277,25834.0,,,,,Dempsey,Bryan,,,,,80.0,,,,,nc,Pierce_Certs_cleaned_2019.xlsx,10538.0,,,,,,,,,,,,,,Dempsey Bryan,"[('Dempsey Bryant', 96.2962962962963, 18295), ('Dempsey Bryon', 92.3076923076923, 18316)]"
18295,18295,25878.0,,,,,Dempsey,Bryant,,,,,47.6,,,,,nc,Pierce_Certs_cleaned_2019.xlsx,10582.0,,,,,,,,,,,,,,Dempsey Bryant,"[('Dempsey Bryan', 96.2962962962963, 18277)]"
18316,18316,25945.0,,,,,Dempsey,Bryon,,,,,36.6,,,,,nc,Pierce_Certs_cleaned_2019.xlsx,10649.0,,,,,,,,,,,,,,Dempsey Bryon,"[('Dempsey Bryan', 92.3076923076923, 18277)]"
18438,18438,26203.0,,,,,Thomas,Bull,,,,,148.26,,,,,nc,Pierce_Certs_cleaned_2019.xlsx,10907.0,,,,,,,,,,,,,,Thomas Bull,"[('Thomas Thomas', 95.0, 46990)]"
18507,18507,26350.0,,,,,Thomas,Bunkley,,,,,46.36,,,,,nc,Pierce_Certs_cleaned_2019.xlsx,11054.0,,,,,,,,,,,,,,Thomas Bunkley,"[('Thomas Thomas', 95.0, 46990)]"
18719,18719,26778.0,,,,,William,Burnet,,,,,80.0,,,,,nc,Pierce_Certs_cleaned_2019.xlsx,11482.0,,,,,,,,,,,,,,William Burnet,"[('William Burnett', 96.55172413793103, 18726)]"
18726,18726,26802.0,,,,,William,Burnett,,,,,43.3,,,,,nc,Pierce_Certs_cleaned_2019.xlsx,11506.0,,,,,,,,,,,,,,William Burnett,"[('William Burnet', 96.55172413793103, 18719), ('William Barnett', 93.33333333333333, 15581)]"
19145,19145,27824.0,,,,,Thomas,Callender,Jun,,,,1983.0,0.0,,,,nc,Pierce_Certs_cleaned_2019.xlsx,12528.0,,,,,,,,,,,,,,Thomas Callender,"[('Thomas Thomas', 95.0, 46990)]"
19232,19232,28110.0,,,,,James,Campen,Jun,,,,2299.0,0.0,,,,nc,Pierce_Certs_cleaned_2019.xlsx,12814.0,,,,,,,,,,,,,,James Campen,"[('James Campon', 91.66666666666666, 19241)]"
19233,19233,28112.0,,,,,John,Campen,Jun,,,,80.0,0.0,,,,nc,Pierce_Certs_cleaned_2019.xlsx,12816.0,,,,,,,,,,,,,,John Campen,"[('John Compen', 90.9090909090909, 21075)]"
19241,19241,28131.0,,,,,James,Campon,,,,,173.3,,,,,nc,Pierce_Certs_cleaned_2019.xlsx,12835.0,,,,,,,,,,,,,,James Campon,"[('James Campen', 91.66666666666666, 19232)]"
19249,19249,28144.0,,,,,Thomas,Canady,,,,,32.2,,,,,nc,Pierce_Certs_cleaned_2019.xlsx,12848.0,,,,,,,,,,,,,,Thomas Canady,"[('Thomas Thomas', 95.0, 46990)]"
19442,19442,28566.0,,,,,Thomas,Carpenter,,,,,22.6,,,,,nc,Pierce_Certs_cleaned_2019.xlsx,13270.0,,,,,,,,,,,,,,Thomas Carpenter,"[('Thomas Thomas', 95.0, 46990)]"
19625,19625,29043.0,,,,,Thomas,Cason,,,,,76.6,,,,,nc,Pierce_Certs_cleaned_2019.xlsx,13747.0,,,,,,,,,,,,,,Thomas Cason,"[('Thomas Thomas', 95.0, 46990)]"
19673,19673,29150.0,,,,,Thomas,Caswell,,,,,66.4,,,,,nc,Pierce_Certs_cleaned_2019.xlsx,13854.0,,,,,,,,,,,,,,Thomas Caswell,"[('Thomas Thomas', 95.0, 46990)]"
19883,19883,29593.0,,,,,Thomas,Chandler,,,,,20.0,,,,,nc,Pierce_Certs_cleaned_2019.xlsx,14297.0,,,,,,,,,,,,,,Thomas Chandler,"[('Thomas Thomas', 95.0, 46990)]"
20081,20081,30064.0,,,,,David,Chester,Jun,,,,218.0,0.0,,,,nc,Pierce_Certs_cleaned_2019.xlsx,14768.0,,,,,,,,,,,,,,David Chester,"[('Davis Chester', 92.3076923076923, 20082)]"
20082,20082,30066.0,,,,,Davis,Chester,Jun,,,,20.0,0.0,,,,nc,Pierce_Certs_cleaned_2019.xlsx,14770.0,,,,,,,,,,,,,,Davis Chester,"[('David Chester', 92.3076923076923, 20081)]"
20267,20267,30477.0,,,,,Thomas,Claike,Jun,,,,1066.0,0.0,,,,nc,Pierce_Certs_cleaned_2019.xlsx,15181.0,,,,,,,,,,,,,,Thomas Claike,"[('Thomas Thomas', 95.0, 46990), ('Thomas Clarke', 92.3076923076923, 20427)]"
20352,20352,30741.0,,,,,Isaac,Clark,Jun,,,,183.0,0.0,,,,nc,Pierce_Certs_cleaned_2019.xlsx,15445.0,,,,,,,,,,,,,,Isaac Clark,"[('Isaac Clarke', 95.65217391304348, 20409)]"
20396,20396,31016.0,,,,,Thomas,Clark,Jun,,,,1078.0,0.0,,,,nc,Pierce_Certs_cleaned_2019.xlsx,15720.0,,,,,,,,,,,,,,Thomas Clark,"[('Thomas Clarke', 96.0, 20427), ('Thomas Thomas', 95.0, 46990)]"
20409,20409,31065.0,,,,,Isaac,Clarke,,,,,80.0,,,,,nc,Pierce_Certs_cleaned_2019.xlsx,15769.0,,,,,,,,,,,,,,Isaac Clarke,"[('Isaac Clark', 95.65217391304348, 20352)]"
20427,20427,31113.0,,,,,Thomas,Clarke,Jun,,,,4720.0,0.0,,,,nc,Pierce_Certs_cleaned_2019.xlsx,15817.0,,,,,,,,,,,,,,Thomas Clarke,"[('Thomas Clark', 96.0, 20396), ('Thomas Thomas', 95.0, 46990), ('Thomas Claike', 92.3076923076923, 20267)]"
20431,20431,31123.0,,,,,Thomas,Clarkson,,,,,37.0,,,,,nc,Pierce_Certs_cleaned_2019.xlsx,15827.0,,,,,,,,,,,,,,Thomas Clarkson,"[('Thomas Thomas', 95.0, 46990)]"
20883,20883,32220.0,,,,,William,Cole,Jun,,,,165.0,0.0,,,,nc,Pierce_Certs_cleaned_2019.xlsx,16924.0,,,,,,,,,,,,,,William Cole,"[('William Croe', 91.66666666666666, 21901)]"
20894,20894,32239.0,,,,,Benjamin,Coleman,Jun,,,,1992.0,0.0,,,,nc,Pierce_Certs_cleaned_2019.xlsx,16943.0,,,,,,,,,,,,,,Benjamin Coleman,"[('Benjamin Colman', 96.7741935483871, 20992)]"
20992,20992,32537.0,,,,,Benjamin,Colman,,,,,260.0,,,,,nc,Pierce_Certs_cleaned_2019.xlsx,17241.0,,,,,,,,,,,,,,Benjamin Colman,"[('Benjamin Coleman', 96.7741935483871, 20894)]"
21075,21075,32704.0,,,,,John,Compen,,,,,66.6,,,,,nc,Pierce_Certs_cleaned_2019.xlsx,17408.0,,,,,,,,,,,,,,John Compen,"[('John Campen', 90.9090909090909, 19233)]"
21135,21135,32838.0,,,,,John,Conn,,,,,26.2,,,,,nc,Pierce_Certs_cleaned_2019.xlsx,17542.0,,,,,,,,,,,,,,John Conn,"[('John Conner', 90.0, 21170)]"
21170,21170,32948.0,,,,,John,Conner,Jun,,,,1225.0,0.0,,,,nc,Pierce_Certs_cleaned_2019.xlsx,17652.0,,,,,,,,,,,,,,John Conner,"[('John Conn', 90.0, 21135)]"
21313,21313,33355.0,,,,,Thomas,Cooksey,,,,,40.0,,,,,nc,Pierce_Certs_cleaned_2019.xlsx,18059.0,,,,,,,,,,,,,,Thomas Cooksey,"[('Thomas Thomas', 95.0, 46990)]"
21901,21901,34705.0,,,,,William,Croe,,,,,33.3,,,,,nc,Pierce_Certs_cleaned_2019.xlsx,19409.0,,,,,,,,,,,,,,William Croe,"[('William Cole', 91.66666666666666, 20883)]"
21913,21913,34736.0,,,,,Thomas,Crompton,Jun,,,,149.0,0.0,,,,nc,Pierce_Certs_cleaned_2019.xlsx,19440.0,,,,,,,,,,,,,,Thomas Crompton,"[('Thomas Thomas', 95.0, 46990)]"
21992,21992,34936.0,,,,,Anthony,Croucher,Jun,,,,1066.0,0.0,,,,nc,Pierce_Certs_cleaned_2019.xlsx,19640.0,,,,,,,,,,,,,,Anthony Croucher,"[('Anthony Crutcher', 93.75, 22048)]"
22048,22048,35068.0,,,,,Anthony,Crutcher,,,,,240.0,,,,,nc,Pierce_Certs_cleaned_2019.xlsx,19772.0,,,,,,,,,,,,,,Anthony Crutcher,"[('Anthony Croucher', 93.75, 21992)]"
22529,22529,36234.0,,,,,John,Daves,Jun,,,,1600.0,0.0,,,,nc,Pierce_Certs_cleaned_2019.xlsx,20938.0,,,,,,,,,,,,,,John Daves,"[('John Davos', 90.0, 22667)]"
22611,22611,36553.0,,,,,James,Davis,Jun,,,,3097.0,0.0,,,,nc,Pierce_Certs_cleaned_2019.xlsx,21257.0,,,,,,,,,,,,,,James Davis,"[('James Davison', 91.66666666666666, 22662)]"
22662,22662,36852.0,,,,,James,Davison,,,,,24.6,,,,,nc,Pierce_Certs_cleaned_2019.xlsx,21556.0,,,,,,,,,,,,,,James Davison,"[('James Davis', 91.66666666666666, 22611)]"
22667,22667,36860.0,,,,,John,Davos,,,,,387.12,,,,,nc,Pierce_Certs_cleaned_2019.xlsx,21564.0,,,,,,,,,,,,,,John Davos,"[('John Daves', 90.0, 22529)]"
23250,23250,38124.0,,,,,Thomas,Dickins,,,,,76.6,,,,,nc,Pierce_Certs_cleaned_2019.xlsx,22828.0,,,,,,,,,,,,,,Thomas Dickins,"[('Thomas Thomas', 95.0, 46990)]"
23382,23382,38416.0,,,,,Thomas,Dixon,Jun,,,,297.0,0.0,,,,nc,Pierce_Certs_cleaned_2019.xlsx,23120.0,,,,,,,,,,,,,,Thomas Dixon,"[('Thomas Thomas', 95.0, 46990)]"
23383,23383,38417.0,,,,,Tilman,Dixon,,,,,361.0,,,,,nc,Pierce_Certs_cleaned_2019.xlsx,23121.0,,,,,,,,,,,,,,Tilman Dixon,"[('Tilmon Dixon', 91.66666666666666, 23384)]"
23384,23384,38420.0,,,,,Tilmon,Dixon,Jun,,,,1600.0,0.0,,,,nc,Pierce_Certs_cleaned_2019.xlsx,23124.0,,,,,,,,,,,,,,Tilmon Dixon,"[('Tilman Dixon', 91.66666666666666, 23383)]"
23411,23411,38492.0,,,,,Thomas,Dodd,,,,,115.0,,,,,nc,Pierce_Certs_cleaned_2019.xlsx,23196.0,,,,,,,,,,,,,,Thomas Dodd,"[('Thomas Thomas', 95.0, 46990)]"
23457,23457,38625.0,,,,,Thomas,Dohono,,,,,461.29,,,,,nc,Pierce_Certs_cleaned_2019.xlsx,23329.0,,,,,,,,,,,,,,Thomas Dohono,"[('Thomas Thomas', 95.0, 46990)]"
23557,23557,38809.0,,,,,Thomas,Donoho,Jun,,,,3000.0,0.0,,,,nc,Pierce_Certs_cleaned_2019.xlsx,23513.0,,,,,,,,,,,,,,Thomas Donoho,"[('Thomas Thomas', 95.0, 46990)]"
23702,23702,39147.0,,,,,William,Douglas,Jun,,,,111.0,0.0,,,,nc,Pierce_Certs_cleaned_2019.xlsx,23851.0,,,,,,,,,,,,,,William Douglas,"[('William Douglass', 96.7741935483871, 23713)]"
23713,23713,39179.0,,,,,William,Douglass,Jun,,,,297.0,0.0,,,,nc,Pierce_Certs_cleaned_2019.xlsx,23883.0,,,,,,,,,,,,,,William Douglass,"[('William Douglas', 96.7741935483871, 23702)]"
23793,23793,39368.0,,,,,Thomas,Downing,Jun,,,,80.0,0.0,,,,nc,Pierce_Certs_cleaned_2019.xlsx,24072.0,,,,,,,,,,,,,,Thomas Downing,"[('Thomas Thomas', 95.0, 46990)]"
23940,23940,39732.0,,,,,Thomas,Dudley,Jun,,,,1965.0,0.0,,,,nc,Pierce_Certs_cleaned_2019.xlsx,24436.0,,,,,,,,,,,,,,Thomas Dudley,"[('Thomas Thomas', 95.0, 46990)]"
24283,24283,40504.0,,,,,Thomas,Eagle,,,,,22.2,,,,,nc,Pierce_Certs_cleaned_2019.xlsx,25208.0,,,,,,,,,,,,,,Thomas Eagle,"[('Thomas Thomas', 95.0, 46990)]"
24492,24492,41016.0,,,,,John Jr.,Edwards,,,,,20.0,,,,,nc,Pierce_Certs_cleaned_2019.xlsx,25720.0,,,,,,,,,,,,,,John Jr. Edwards,"[('John Sr. Edwards', 93.75, 24493)]"
24493,24493,41017.0,,,,,John Sr.,Edwards,,,,,22.6,,,,,nc,Pierce_Certs_cleaned_2019.xlsx,25721.0,,,,,,,,,,,,,,John Sr. Edwards,"[('John Jr. Edwards', 93.75, 24492)]"
24807,24807,41770.0,,,,,Thomas,Essoms,,,,,80.0,,,,,nc,Pierce_Certs_cleaned_2019.xlsx,26474.0,,,,,,,,,,,,,,Thomas Essoms,"[('Thomas Thomas', 95.0, 46990)]"
24864,24864,41940.0,,,,,Thomas,Evans,Jun,,,,3311.0,0.0,,,,nc,Pierce_Certs_cleaned_2019.xlsx,26644.0,,,,,,,,,,,,,,Thomas Evans,"[('Thomas Thomas', 95.0, 46990)]"
25007,25007,42241.0,,,,,William,Faithful,,,,,80.0,,,,,nc,Pierce_Certs_cleaned_2019.xlsx,26945.0,,,,,,,,,,,,,,William Faithful,"[('William Faithfull', 96.96969696969697, 25008)]"
25008,25008,42242.0,,,,,William,Faithfull,,,,,43.3,,,,,nc,Pierce_Certs_cleaned_2019.xlsx,26946.0,,,,,,,,,,,,,,William Faithfull,"[('William Faithful', 96.96969696969697, 25007)]"
25040,25040,42325.0,,,,,Thomas,Farebee,,,,,63.3,,,,,nc,Pierce_Certs_cleaned_2019.xlsx,27029.0,,,,,,,,,,,,,,Thomas Farebee,"[('Thomas Thomas', 95.0, 46990)]"
25142,25142,42548.0,,,,,James,Faulka,,,,,80.0,,,,,nc,Pierce_Certs_cleaned_2019.xlsx,27252.0,,,,,,,,,,,,,,James Faulka,"[('James Faulks', 91.66666666666666, 25148)]"
25148,25148,42563.0,,,,,James,Faulks,Jun,,,,80.0,0.0,,,,nc,Pierce_Certs_cleaned_2019.xlsx,27267.0,,,,,,,,,,,,,,James Faulks,"[('James Faulka', 91.66666666666666, 25142)]"
25244,25244,42750.0,,,,,Thomas,Fenney,,,,,148.33,,,,,nc,Pierce_Certs_cleaned_2019.xlsx,27454.0,,,,,,,,,,,,,,Thomas Fenney,"[('Thomas Thomas', 95.0, 46990), ('Thomas Finney', 92.3076923076923, 25467)]"
25384,25384,43038.0,,,,,Thomas,Fiffin,,,,,31.3,,,,,nc,Pierce_Certs_cleaned_2019.xlsx,27742.0,,,,,,,,,,,,,,Thomas Fiffin,"[('Thomas Thomas', 95.0, 46990)]"
25467,25467,43226.0,,,,,Thomas,Finney,Jun,,,,1600.0,0.0,,,,nc,Pierce_Certs_cleaned_2019.xlsx,27930.0,,,,,,,,,,,,,,Thomas Finney,"[('Thomas Thomas', 95.0, 46990), ('Thomas Fenney', 92.3076923076923, 25244)]"
25751,25751,43956.0,,,,,Jesse,Follock,,,,,26.6,,,,,nc,Pierce_Certs_cleaned_2019.xlsx,28660.0,,,,,,,,,,,,,,Jesse Follock,"[('Jesse Pollock', 92.3076923076923, 40795)]"
25752,25752,43957.0,,,,,John,Folly,,,,,76.6,,,,,nc,Pierce_Certs_cleaned_2019.xlsx,28661.0,,,,,,,,,,,,,,John Folly,"[('John Holly', 90.0, 30507)]"
26674,26674,46504.0,,,,,Thomas,Gardner,Jun,,,,711.0,0.0,,,,nc,Pierce_Certs_cleaned_2019.xlsx,31208.0,,,,,,,,,,,,,,Thomas Gardner,"[('Thomas Thomas', 95.0, 46990)]"
26689,26689,46535.0,,,,,Thomas,Garland,,,,,73.1,,,,,nc,Pierce_Certs_cleaned_2019.xlsx,31239.0,,,,,,,,,,,,,,Thomas Garland,"[('Thomas Thomas', 95.0, 46990)]"
26831,26831,46868.0,,,,,Henry,Gay,,,,,22.6,,,,,nc,Pierce_Certs_cleaned_2019.xlsx,31572.0,,,,,,,,,,,,,,Henry Gay,"[('Henry Gray', 94.73684210526316, 27812)]"
27122,27122,47584.0,,,,,Robert,Gill,,,,,76.6,,,,,nc,Pierce_Certs_cleaned_2019.xlsx,32288.0,,,,,,,,,,,,,,Robert Gill,"[('Robert Hill', 90.9090909090909, 30084)]"
27198,27198,47735.0,,,,,Thomas,Gilmore,Jun,,,,20.0,0.0,,,,nc,Pierce_Certs_cleaned_2019.xlsx,32439.0,,,,,,,,,,,,,,Thomas Gilmore,"[('Thomas Thomas', 95.0, 46990)]"
27472,27472,48340.0,,,,,Thomas,Gooding,,,,,68.0,,,,,nc,Pierce_Certs_cleaned_2019.xlsx,33044.0,,,,,,,,,,,,,,Thomas Gooding,"[('Thomas Thomas', 95.0, 46990)]"
27712,27712,48958.0,,,,,John,Graham,Jun,,,,3608.0,0.0,,,,nc,Pierce_Certs_cleaned_2019.xlsx,33662.0,,,,,,,,,,,,,,John Graham,"[('John Grayham', 95.65217391304348, 27832)]"
27812,27812,49243.0,,,,,Henry,Gray,Jun,,,,307.0,0.0,,,,nc,Pierce_Certs_cleaned_2019.xlsx,33947.0,,,,,,,,,,,,,,Henry Gray,"[('Henry Gay', 94.73684210526316, 26831)]"
27832,27832,49371.0,,,,,John,Grayham,,,,,80.0,,,,,nc,Pierce_Certs_cleaned_2019.xlsx,34075.0,,,,,,,,,,,,,,John Grayham,"[('John Graham', 95.65217391304348, 27712)]"
28258,28258,50474.0,,,,,Joseph,Gurley,Jun,,,,170.0,0.0,,,,nc,Pierce_Certs_cleaned_2019.xlsx,35178.0,,,,,,,,,,,,,,Joseph Gurley,"[('Joseph Hurley', 92.3076923076923, 31369)]"
28259,28259,50480.0,,,,,Thomas,Gurney,Jun,,,,418.0,0.0,,,,nc,Pierce_Certs_cleaned_2019.xlsx,35184.0,,,,,,,,,,,,,,Thomas Gurney,"[('Thomas Thomas', 95.0, 46990)]"
28472,28472,50914.0,,,,,Ciement,Hall,,,,,378.62,,,,,nc,Pierce_Certs_cleaned_2019.xlsx,35618.0,,,,,,,,,,,,,,Ciement Hall,"[('Clement Hall', 91.66666666666666, 28473)]"
28473,28473,50915.0,,,,,Clement,Hall,,,,,260.0,,,,,nc,Pierce_Certs_cleaned_2019.xlsx,35619.0,,,,,,,,,,,,,,Clement Hall,"[('Ciement Hall', 91.66666666666666, 28472), ('Element Hall', 91.66666666666666, 28479)]"
28479,28479,50937.0,,,,,Element,Hall,Jun,,,,1600.0,0.0,,,,nc,Pierce_Certs_cleaned_2019.xlsx,35641.0,,,,,,,,,,,,,,Element Hall,"[('Clement Hall', 91.66666666666666, 28473)]"
28498,28498,51008.0,,,,,Jesse,Hall,,,,,31.48,,,,,nc,Pierce_Certs_cleaned_2019.xlsx,35712.0,,,,,,,,,,,,,,Jesse Hall,"[('Jesse Hill', 90.0, 30067)]"
28534,28534,51200.0,,,,,William,Hall,Jun,,,,1411.0,0.0,,,,nc,Pierce_Certs_cleaned_2019.xlsx,35904.0,,,,,,,,,,,,,,William Hall,"[('William Hill', 91.66666666666666, 30092)]"
28537,28537,51203.0,,,,,Thomas,Hallaway,,,,,40.0,,,,,nc,Pierce_Certs_cleaned_2019.xlsx,35907.0,,,,,,,,,,,,,,Thomas Hallaway,"[('Thomas Thomas', 95.0, 46990)]"
28654,28654,51497.0,,,,,Isaac,Hammon,,,,,46.6,,,,,nc,Pierce_Certs_cleaned_2019.xlsx,36201.0,,,,,,,,,,,,,,Isaac Hammon,"[('Isaac Hammond', 96.0, 28665)]"
28665,28665,51544.0,,,,,Isaac,Hammond,,,,,46.6,,,,,nc,Pierce_Certs_cleaned_2019.xlsx,36248.0,,,,,,,,,,,,,,Isaac Hammond,"[('Isaac Hammon', 96.0, 28654)]"
28844,28844,51998.0,,,,,Richard,Hardick,Jun,,,,46.0,0.0,,,,nc,Pierce_Certs_cleaned_2019.xlsx,36702.0,,,,,,,,,,,,,,Richard Hardick,"[('Richard Hardwick', 96.7741935483871, 28867)]"
28867,28867,52046.0,,,,,Richard,Hardwick,Jun,,,,80.0,0.0,,,,nc,Pierce_Certs_cleaned_2019.xlsx,36750.0,,,,,,,,,,,,,,Richard Hardwick,"[('Richard Hardick', 96.7741935483871, 28844)]"
28937,28937,52195.0,,,,,Selbey,Harney,Jun,,,,3000.0,0.0,,,,nc,Pierce_Certs_cleaned_2019.xlsx,36899.0,,,,,,,,,,,,,,Selbey Harney,"[('Silbey Harney', 92.3076923076923, 28938)]"
28938,28938,52196.0,,,,,Silbey,Harney,,,,,750.0,,,,,nc,Pierce_Certs_cleaned_2019.xlsx,36900.0,,,,,,,,,,,,,,Silbey Harney,"[('Selbey Harney', 92.3076923076923, 28937)]"
29050,29050,52545.0,,,,,Thomas,Harris,Jun,,,,296.0,0.0,,,,nc,Pierce_Certs_cleaned_2019.xlsx,37249.0,,,,,,,,,,,,,,Thomas Harris,"[('Thomas Thomas', 95.0, 46990), ('Thomas Harrison', 92.85714285714286, 29069)]"
29069,29069,52631.0,,,,,Thomas,Harrison,Jun,,,,323.0,0.0,,,,nc,Pierce_Certs_cleaned_2019.xlsx,37335.0,,,,,,,,,,,,,,Thomas Harrison,"[('Thomas Thomas', 95.0, 46990), ('Thomas Harris', 92.85714285714286, 29050)]"
29410,29410,53474.0,,,,,Robert,Hayes,Jun,,,,1296.0,0.0,,,,nc,Pierce_Certs_cleaned_2019.xlsx,38178.0,,,,,,,,,,,,,,Robert Hayes,"[('Robert Hayse', 91.66666666666666, 29446)]"
29411,29411,53477.0,,,,,William,Hayes,Jun,,,,181.0,0.0,,,,nc,Pierce_Certs_cleaned_2019.xlsx,38181.0,,,,,,,,,,,,,,William Hayes,"[('William Haynes', 96.2962962962963, 29432)]"
29432,29432,53528.0,,,,,William,Haynes,Jun,,,,118.0,0.0,,,,nc,Pierce_Certs_cleaned_2019.xlsx,38232.0,,,,,,,,,,,,,,William Haynes,"[('William Hayes', 96.2962962962963, 29411)]"
29446,29446,53555.0,,,,,Robert,Hayse,,,,,173.3,,,,,nc,Pierce_Certs_cleaned_2019.xlsx,38259.0,,,,,,,,,,,,,,Robert Hayse,"[('Robert Hayes', 91.66666666666666, 29410)]"
29838,29838,54346.0,,,,,Thomas,Herrington,Jun,,,,116.0,0.0,,,,nc,Pierce_Certs_cleaned_2019.xlsx,39050.0,,,,,,,,,,,,,,Thomas Herrington,"[('Thomas Thomas', 95.0, 46990)]"
30067,30067,54833.0,,,,,Jesse,Hill,,,,,27.1,,,,,nc,Pierce_Certs_cleaned_2019.xlsx,39537.0,,,,,,,,,,,,,,Jesse Hill,"[('Jesse Hall', 90.0, 28498)]"
30084,30084,54906.0,,,,,Robert,Hill,,,,,20.0,,,,,nc,Pierce_Certs_cleaned_2019.xlsx,39610.0,,,,,,,,,,,,,,Robert Hill,"[('Robert Gill', 90.9090909090909, 27122)]"
30088,30088,54948.0,,,,,Thomas,Hill,Jun,,,,4170.0,0.0,,,,nc,Pierce_Certs_cleaned_2019.xlsx,39652.0,,,,,,,,,,,,,,Thomas Hill,"[('Thomas Thomas', 95.0, 46990)]"
30092,30092,54975.0,,,,,William,Hill,Jun,,,,972.0,0.0,,,,nc,Pierce_Certs_cleaned_2019.xlsx,39679.0,,,,,,,,,,,,,,William Hill,"[('William Hall', 91.66666666666666, 28534)]"
30369,30369,55573.0,,,,,Thomas,Hogg,Jun,,,,2476.0,0.0,,,,nc,Pierce_Certs_cleaned_2019.xlsx,40277.0,,,,,,,,,,,,,,Thomas Hogg,"[('Thomas Thomas', 95.0, 46990)]"
30489,30489,55872.0,,,,,Thomas,Hollinghead,,,,,76.6,,,,,nc,Pierce_Certs_cleaned_2019.xlsx,40576.0,,,,,,,,,,,,,,Thomas Hollinghead,"[('Thomas Thomas', 95.0, 46990)]"
30507,30507,55911.0,,,,,John,Holly,,,,,56.8,,,,,nc,Pierce_Certs_cleaned_2019.xlsx,40615.0,,,,,,,,,,,,,,John Holly,"[('John Folly', 90.0, 25752)]"
30585,30585,56126.0,,,,,Thomas,Holt,Jun,,,,2423.0,0.0,,,,nc,Pierce_Certs_cleaned_2019.xlsx,40830.0,,,,,,,,,,,,,,Thomas Holt,"[('Thomas Thomas', 95.0, 46990)]"
30607,30607,56162.0,,,,,John,Honey,,,,,34.42,,,,,nc,Pierce_Certs_cleaned_2019.xlsx,40866.0,,,,,,,,,,,,,,John Honey,"[('John Toney', 90.0, 47364)]"
30614,30614,56179.0,,,,,Charles,Hood,,,,,76.6,,,,,nc,Pierce_Certs_cleaned_2019.xlsx,40883.0,,,,,,,,,,,,,,Charles Hood,"[('Charles Wood', 91.66666666666666, 50607)]"
30619,30619,56189.0,,,,,William,Hood,,,,,76.6,,,,,nc,Pierce_Certs_cleaned_2019.xlsx,40893.0,,,,,,,,,,,,,,William Hood,"[('William Wood', 91.66666666666666, 50650)]"
30724,30724,56460.0,,,,,Thomas,Hornsby,,,,,39.3,,,,,nc,Pierce_Certs_cleaned_2019.xlsx,41164.0,,,,,,,,,,,,,,Thomas Hornsby,"[('Thomas Thomas', 95.0, 46990)]"
31090,31090,57344.0,,,,,Miles,Hudson,,,,,76.6,,,,,nc,Pierce_Certs_cleaned_2019.xlsx,42048.0,,,,,,,,,,,,,,Miles Hudson,"[('Miles Hutson', 91.66666666666666, 31451)]"
31369,31369,58122.0,,,,,Joseph,Hurley,,,,,115.0,,,,,nc,Pierce_Certs_cleaned_2019.xlsx,42826.0,,,,,,,,,,,,,,Joseph Hurley,"[('Joseph Gurley', 92.3076923076923, 28258)]"
31451,31451,58294.0,,,,,Miles,Hutson,,,,,25.5,,,,,nc,Pierce_Certs_cleaned_2019.xlsx,42998.0,,,,,,,,,,,,,,Miles Hutson,"[('Miles Hudson', 91.66666666666666, 31090)]"
31957,31957,59668.0,,,,,Crawford,Johnson,,,,,80.0,,,,,nc,Pierce_Certs_cleaned_2019.xlsx,44372.0,,,,,,,,,,,,,,Crawford Johnson,"[('Crawford Johnston', 96.96969696969697, 32034)]"
32034,32034,60086.0,,,,,Crawford,Johnston,Jun,,,,80.0,0.0,,,,nc,Pierce_Certs_cleaned_2019.xlsx,44790.0,,,,,,,,,,,,,,Crawford Johnston,"[('Crawford Johnson', 96.96969696969697, 31957)]"
32199,32199,60904.0,,,,,Caleb,Jordan,Jun,,,,43.0,0.0,,,,nc,Pierce_Certs_cleaned_2019.xlsx,45608.0,,,,,,,,,,,,,,Caleb Jordan,"[('Caleb Jorden', 91.66666666666666, 32219)]"
32202,32202,60912.0,,,,,Fountain,Jordan,Jun,,,,43.0,0.0,,,,nc,Pierce_Certs_cleaned_2019.xlsx,45616.0,,,,,,,,,,,,,,Fountain Jordan,"[('Fountain Jorden', 93.33333333333333, 32220)]"
32219,32219,60971.0,,,,,Caleb,Jorden,,,,,80.0,,,,,nc,Pierce_Certs_cleaned_2019.xlsx,45675.0,,,,,,,,,,,,,,Caleb Jorden,"[('Caleb Jordan', 91.66666666666666, 32199)]"
32220,32220,60972.0,,,,,Fountain,Jorden,,,,,80.0,,,,,nc,Pierce_Certs_cleaned_2019.xlsx,45676.0,,,,,,,,,,,,,,Fountain Jorden,"[('Fountain Jordan', 93.33333333333333, 32202)]"
32329,32329,61194.0,,,,,Thomas,Kates,,,,,120.0,,,,,nc,Pierce_Certs_cleaned_2019.xlsx,45898.0,,,,,,,,,,,,,,Thomas Kates,"[('Thomas Thomas', 95.0, 46990)]"
33071,33071,62871.0,,,,,William,Kinsey,,,,,115.0,,,,,nc,Pierce_Certs_cleaned_2019.xlsx,47575.0,,,,,,,,,,,,,,William Kinsey,"[(""William M'Kinsey"", 93.33333333333333, 37371)]"
33380,33380,63502.0,,,,,Francis,Lacho,,,,,120.0,,,,,nc,Pierce_Certs_cleaned_2019.xlsx,48206.0,,,,,,,,,,,,,,Francis Lacho,"[('Francis Larho', 92.3076923076923, 33669)]"
33388,33388,63520.0,,,,,Thomas,Lackey,,,,,70.0,,,,,nc,Pierce_Certs_cleaned_2019.xlsx,48224.0,,,,,,,,,,,,,,Thomas Lackey,"[('Thomas Thomas', 95.0, 46990)]"
33624,33624,64055.0,,,,,Thomas,Lansdale,Jun,,,,3957.0,0.0,,,,nc,Pierce_Certs_cleaned_2019.xlsx,48759.0,,,,,,,,,,,,,,Thomas Lansdale,"[('Thomas Thomas', 95.0, 46990)]"
33668,33668,64136.0,,,,,Francis,Larhe,,,,,80.0,,,,,nc,Pierce_Certs_cleaned_2019.xlsx,48840.0,,,,,,,,,,,,,,Francis Larhe,"[('Francis Larho', 92.3076923076923, 33669)]"
33669,33669,64137.0,,,,,Francis,Larho,,,,,65.0,,,,,nc,Pierce_Certs_cleaned_2019.xlsx,48841.0,,,,,,,,,,,,,,Francis Larho,"[('Francis Lacho', 92.3076923076923, 33380), ('Francis Larhe', 92.3076923076923, 33668)]"
33701,33701,64197.0,,,,,James,Lasister,,,,,31.1,,,,,nc,Pierce_Certs_cleaned_2019.xlsx,48901.0,,,,,,,,,,,,,,James Lasister,"[('James Lassiter', 92.85714285714286, 33711)]"
33711,33711,64214.0,,,,,James,Lassiter,,,,,76.6,,,,,nc,Pierce_Certs_cleaned_2019.xlsx,48918.0,,,,,,,,,,,,,,James Lassiter,"[('James Lasister', 92.85714285714286, 33701)]"
33823,33823,64412.0,,,,,Nat,Lawrence,Jun,,,,534.0,0.0,,,,nc,Pierce_Certs_cleaned_2019.xlsx,49116.0,,,,,,,,,,,,,,Nat Lawrence,"[('Nath Lawrence', 96.0, 33824)]"
33824,33824,64413.0,,,,,Nath,Lawrence,,,,,240.0,,,,,nc,Pierce_Certs_cleaned_2019.xlsx,49117.0,,,,,,,,,,,,,,Nath Lawrence,"[('Nat Lawrence', 96.0, 33823)]"
33890,33890,64565.0,,,,,John,Leach,Jun,,,,80.0,0.0,,,,nc,Pierce_Certs_cleaned_2019.xlsx,49269.0,,,,,,,,,,,,,,John Leach,"[('John Leech', 90.0, 34013)]"
34013,34013,64912.0,,,,,John,Leech,Jun,,,,43.0,0.0,,,,nc,Pierce_Certs_cleaned_2019.xlsx,49616.0,,,,,,,,,,,,,,John Leech,"[('John Leach', 90.0, 33890)]"
34268,34268,65510.0,,,,,Thomas,Lewis,Jun,,,,338.0,0.0,,,,nc,Pierce_Certs_cleaned_2019.xlsx,50214.0,,,,,,,,,,,,,,Thomas Lewis,"[('Thomas Thomas', 95.0, 46990)]"
34845,34845,66890.0,,,,,Thomas,Low,,,,,76.6,,,,,nc,Pierce_Certs_cleaned_2019.xlsx,51594.0,,,,,,,,,,,,,,Thomas Low,"[('Thomas Thomas', 95.0, 46990)]"
34919,34919,67069.0,,,,,Thomas,Lucas,Jun,,,,27.0,0.0,,,,nc,Pierce_Certs_cleaned_2019.xlsx,51773.0,,,,,,,,,,,,,,Thomas Lucas,"[('Thomas Thomas', 95.0, 46990)]"
35088,35088,67489.0,,,,,Archibald,Lytle,Jun,,,,4500.0,0.0,,,,nc,Pierce_Certs_cleaned_2019.xlsx,52193.0,,,,,,,,,,,,,,Archibald Lytle,"[('Archibald Lyttle', 96.7741935483871, 35093)]"
35091,35091,67500.0,,,,,William,Lytle,Jun,,,,2400.0,0.0,,,,nc,Pierce_Certs_cleaned_2019.xlsx,52204.0,,,,,,,,,,,,,,William Lytle,"[('William Lyttle', 96.2962962962963, 35096)]"
35093,35093,67507.0,,,,,Archibald,Lyttle,,,,,748.6,,,,,nc,Pierce_Certs_cleaned_2019.xlsx,52211.0,,,,,,,,,,,,,,Archibald Lyttle,"[('Archibald Lytle', 96.7741935483871, 35088)]"
35096,35096,67511.0,,,,,William,Lyttle,Jun,,,,377.0,0.0,,,,nc,Pierce_Certs_cleaned_2019.xlsx,52215.0,,,,,,,,,,,,,,William Lyttle,"[('William Lytle', 96.2962962962963, 35091)]"
35304,35304,67921.0,,,,,William,Manders,,,,,70.6,,,,,nc,Pierce_Certs_cleaned_2019.xlsx,52625.0,,,,,,,,,,,,,,William Manders,"[('William Sanders', 93.33333333333333, 43335)]"
35509,35509,68409.0,,,,,Dixon,Marshal,Jun,,,,1066.0,0.0,,,,nc,Pierce_Certs_cleaned_2019.xlsx,53113.0,,,,,,,,,,,,,,Dixon Marshal,"[('Dixon Marshall', 96.2962962962963, 35520)]"
35520,35520,68440.0,,,,,Dixon,Marshall,,,,,231.0,,,,,nc,Pierce_Certs_cleaned_2019.xlsx,53144.0,,,,,,,,,,,,,,Dixon Marshall,"[('Dixon Marshal', 96.2962962962963, 35509)]"
35673,35673,68956.0,,,,,Thomas,Maston,,,,,32.2,,,,,nc,Pierce_Certs_cleaned_2019.xlsx,53660.0,,,,,,,,,,,,,,Thomas Maston,"[('Thomas Thomas', 95.0, 46990)]"
36143,36143,70073.0,,,,,Thomas,M'Clannen,,,,,26.2,,,,,nc,Pierce_Certs_cleaned_2019.xlsx,54777.0,,,,,,,,,,,,,,Thomas M'Clannen,"[('Thomas Thomas', 95.0, 46990)]"
36305,36305,70456.0,,,,,Roger,M'Craw,Jun,,,,80.0,0.0,,,,nc,Pierce_Certs_cleaned_2019.xlsx,55160.0,,,,,,,,,,,,,,Roger M'Craw,"[(""Roger M'Graw"", 91.66666666666666, 36884)]"
36707,36707,71357.0,,,,,Thomas,Merritt,,,,,40.0,,,,,nc,Pierce_Certs_cleaned_2019.xlsx,56061.0,,,,,,,,,,,,,,Thomas Merritt,"[('Thomas Thomas', 95.0, 46990)]"
36788,36788,71525.0,,,,,Daniel,M'Farter,,,,,43.3,,,,,nc,Pierce_Certs_cleaned_2019.xlsx,56229.0,,,,,,,,,,,,,,Daniel M'Farter,"[(""Daniel M'Fater"", 96.55172413793103, 36790)]"
36790,36790,71530.0,,,,,Daniel,M'Fater,Jun,,,,80.0,0.0,,,,nc,Pierce_Certs_cleaned_2019.xlsx,56234.0,,,,,,,,,,,,,,Daniel M'Fater,"[(""Daniel M'Farter"", 96.55172413793103, 36788)]"
36825,36825,71601.0,,,,,Thomas,M'Gee,Jun,,,,299.0,0.0,,,,nc,Pierce_Certs_cleaned_2019.xlsx,56305.0,,,,,,,,,,,,,,Thomas M'Gee,"[('Thomas Thomas', 95.0, 46990)]"
36884,36884,71717.0,,,,,Roger,M'Graw,,,,,80.0,,,,,nc,Pierce_Certs_cleaned_2019.xlsx,56421.0,,,,,,,,,,,,,,Roger M'Graw,"[(""Roger M'Craw"", 91.66666666666666, 36305)]"
36938,36938,71826.0,,,,,Willial,Michell,,,,,76.6,,,,,nc,Pierce_Certs_cleaned_2019.xlsx,56530.0,,,,,,,,,,,,,,Willial Michell,"[('William Mitchell', 90.32258064516128, 37260)]"
37260,37260,72832.0,,,,,William,Mitchell,Jun,,,,694.0,0.0,,,,nc,Pierce_Certs_cleaned_2019.xlsx,57536.0,,,,,,,,,,,,,,William Mitchell,"[('Willial Michell', 90.32258064516128, 36938)]"
37282,37282,72892.0,,,,,John,M'Kay,,,,,10.0,,,,,nc,Pierce_Certs_cleaned_2019.xlsx,57596.0,,,,,,,,,,,,,,John M'Kay,"[(""John M'Vay"", 90.0, 38370)]"
37319,37319,72949.0,,,,,William,M'Kensey,,,,,29.1,,,,,nc,Pierce_Certs_cleaned_2019.xlsx,57653.0,,,,,,,,,,,,,,William M'Kensey,"[(""William M'Kinsey"", 93.75, 37371)]"
37371,37371,73073.0,,,,,William,M'Kinsey,Jun,,,,123.0,0.0,,,,nc,Pierce_Certs_cleaned_2019.xlsx,57777.0,,,,,,,,,,,,,,William M'Kinsey,"[(""William M'Kensey"", 93.75, 37319), ('William Kinsey', 93.33333333333333, 33071)]"
37608,37608,73562.0,,,,,Thomas,Moneyhorn,,,,,33.3,,,,,nc,Pierce_Certs_cleaned_2019.xlsx,58266.0,,,,,,,,,,,,,,Thomas Moneyhorn,"[('Thomas Thomas', 95.0, 46990)]"
37667,37667,73693.0,,,,,Thomas,Moody,,,,,32.2,,,,,nc,Pierce_Certs_cleaned_2019.xlsx,58397.0,,,,,,,,,,,,,,Thomas Moody,"[('Thomas Thomas', 95.0, 46990)]"
37749,37749,74049.0,,,,,Thomas,Moore,Jun,,,,1770.0,0.0,,,,nc,Pierce_Certs_cleaned_2019.xlsx,58753.0,,,,,,,,,,,,,,Thomas Moore,"[('Thomas Thomas', 95.0, 46990)]"
37825,37825,74235.0,,,,,Bennet,Morgan,Jun,,,,65.0,0.0,,,,nc,Pierce_Certs_cleaned_2019.xlsx,58939.0,,,,,,,,,,,,,,Bennet Morgan,"[('Bennet Motgan', 92.3076923076923, 38045)]"
38045,38045,74850.0,,,,,Bennet,Motgan,,,,,80.0,,,,,nc,Pierce_Certs_cleaned_2019.xlsx,59554.0,,,,,,,,,,,,,,Bennet Motgan,"[('Bennet Morgan', 92.3076923076923, 37825)]"
38051,38051,74859.0,,,,,Benjamin,Mott,Jun,,,,80.0,0.0,,,,nc,Pierce_Certs_cleaned_2019.xlsx,59563.0,,,,,,,,,,,,,,Benjamin Mott,"[('Benjamin Motte', 96.2962962962963, 38060)]"
38053,38053,74865.0,,,,,Edgerton,Mott,,,,,80.0,,,,,nc,Pierce_Certs_cleaned_2019.xlsx,59569.0,,,,,,,,,,,,,,Edgerton Mott,"[('Edgerton Motte', 96.2962962962963, 38061), ('Egerton Motte', 92.3076923076923, 38062)]"
38060,38060,74890.0,,,,,Benjamin,Motte,,,,,65.0,,,,,nc,Pierce_Certs_cleaned_2019.xlsx,59594.0,,,,,,,,,,,,,,Benjamin Motte,"[('Benjamin Mott', 96.2962962962963, 38051)]"
38061,38061,74891.0,,,,,Edgerton,Motte,,,,,80.0,,,,,nc,Pierce_Certs_cleaned_2019.xlsx,59595.0,,,,,,,,,,,,,,Edgerton Motte,"[('Edgerton Mott', 96.2962962962963, 38053), ('Egerton Motte', 96.2962962962963, 38062)]"
38062,38062,74892.0,,,,,Egerton,Motte,,,,,43.3,,,,,nc,Pierce_Certs_cleaned_2019.xlsx,59596.0,,,,,,,,,,,,,,Egerton Motte,"[('Edgerton Motte', 96.2962962962963, 38061), ('Edgerton Mott', 92.3076923076923, 38053)]"
38191,38191,75183.0,,,,,Joseph,Mumford,Jun,,,,1600.0,0.0,,,,nc,Pierce_Certs_cleaned_2019.xlsx,59887.0,,,,,,,,,,,,,,Joseph Mumford,"[('Joseph Mumfort', 92.85714285714286, 38192)]"
38192,38192,75184.0,,,,,Joseph,Mumfort,,,,,400.0,,,,,nc,Pierce_Certs_cleaned_2019.xlsx,59888.0,,,,,,,,,,,,,,Joseph Mumfort,"[('Joseph Mumford', 92.85714285714286, 38191)]"
38370,38370,75648.0,,,,,John,M'Vay,,,,,71.7,,,,,nc,Pierce_Certs_cleaned_2019.xlsx,60352.0,,,,,,,,,,,,,,John M'Vay,"[(""John M'Kay"", 90.0, 37282)]"
38576,38576,76135.0,,,,,Mathew,Newbury,,,,,80.0,,,,,nc,Pierce_Certs_cleaned_2019.xlsx,60839.0,,,,,,,,,,,,,,Mathew Newbury,"[('Mathew Newby', 92.3076923076923, 38579)]"
38579,38579,76141.0,,,,,Mathew,Newby,Jun,,,,145.0,0.0,,,,nc,Pierce_Certs_cleaned_2019.xlsx,60845.0,,,,,,,,,,,,,,Mathew Newby,"[('Mathew Newbury', 92.3076923076923, 38576)]"
38695,38695,76402.0,,,,,William,Nicholas,Jun,,,,32.0,0.0,,,,nc,Pierce_Certs_cleaned_2019.xlsx,61106.0,,,,,,,,,,,,,,William Nicholas,"[('William Nichols', 96.7741935483871, 38732), ('Nicholas Williams', 92.12121212121211, 50196)]"
38732,38732,76494.0,,,,,William,Nichols,Jun,,,,252.0,0.0,,,,nc,Pierce_Certs_cleaned_2019.xlsx,61198.0,,,,,,,,,,,,,,William Nichols,"[('William Nicholas', 96.7741935483871, 38695)]"
38970,38970,77072.0,,,,,Thomas,Nusom,,,,,16.0,,,,,nc,Pierce_Certs_cleaned_2019.xlsx,61776.0,,,,,,,,,,,,,,Thomas Nusom,"[('Thomas Thomas', 95.0, 46990)]"
39001,39001,77150.0,,,,,John,Oberton,,,,,33.3,,,,,nc,Pierce_Certs_cleaned_2019.xlsx,61854.0,,,,,,,,,,,,,,John Oberton,"[('John Overton', 91.66666666666666, 39377)]"
39048,39048,77255.0,,,,,Peter,Odder,,,,,32.2,,,,,nc,Pierce_Certs_cleaned_2019.xlsx,61959.0,,,,,,,,,,,,,,Peter Odder,"[('Peter Order', 90.9090909090909, 39227)]"
39227,39227,77703.0,,,,,Peter,Order,,,,,72.2,,,,,nc,Pierce_Certs_cleaned_2019.xlsx,62407.0,,,,,,,,,,,,,,Peter Order,"[('Peter Odder', 90.9090909090909, 39048)]"
39377,39377,78027.0,,,,,John,Overton,Jun,,,,2788.0,0.0,,,,nc,Pierce_Certs_cleaned_2019.xlsx,62731.0,,,,,,,,,,,,,,John Overton,"[('John Oberton', 91.66666666666666, 39001)]"
39456,39456,78206.0,,,,,William,Pafford,,,,,80.0,,,,,nc,Pierce_Certs_cleaned_2019.xlsx,62910.0,,,,,,,,,,,,,,William Pafford,"[('William Paford', 96.55172413793103, 39457), ('William Payford', 93.33333333333333, 39937)]"
39457,39457,78207.0,,,,,William,Paford,,,,,88.0,,,,,nc,Pierce_Certs_cleaned_2019.xlsx,62911.0,,,,,,,,,,,,,,William Paford,"[('William Pafford', 96.55172413793103, 39456), ('William Payford', 96.55172413793103, 39937)]"
39547,39547,78420.0,,,,,Thomas,Palmer,Jun,,,,120.0,0.0,,,,nc,Pierce_Certs_cleaned_2019.xlsx,63124.0,,,,,,,,,,,,,,Thomas Palmer,"[('Thomas Thomas', 95.0, 46990)]"
39636,39636,78662.0,,,,,James,Parker,Jun,,,,692.0,0.0,,,,nc,Pierce_Certs_cleaned_2019.xlsx,63366.0,,,,,,,,,,,,,,James Parker,"[('James Parkes', 91.66666666666666, 39664)]"
39664,39664,78811.0,,,,,James,Parkes,,,,,34.0,,,,,nc,Pierce_Certs_cleaned_2019.xlsx,63515.0,,,,,,,,,,,,,,James Parkes,"[('James Parker', 91.66666666666666, 39636)]"
39795,39795,79082.0,,,,,Thomas,Pasteur,,,,,173.3,,,,,nc,Pierce_Certs_cleaned_2019.xlsx,63786.0,,,,,,,,,,,,,,Thomas Pasteur,"[('Thomas Pasteurs', 96.55172413793103, 39796), ('Thomas Thomas', 95.0, 46990)]"
39796,39796,79086.0,,,,,Thomas,Pasteurs,Jun,,,,1344.0,0.0,,,,nc,Pierce_Certs_cleaned_2019.xlsx,63790.0,,,,,,,,,,,,,,Thomas Pasteurs,"[('Thomas Pasteur', 96.55172413793103, 39795), ('Thomas Thomas', 95.0, 46990)]"
39849,39849,79222.0,,,,,John,Patten,Jun,,,,5499.0,0.0,,,,nc,Pierce_Certs_cleaned_2019.xlsx,63926.0,,,,,,,,,,,,,,John Patten,"[('John Patton', 90.9090909090909, 39894)]"
39894,39894,79373.0,,,,,John,Patton,Jun,,,,4867.0,0.0,,,,nc,Pierce_Certs_cleaned_2019.xlsx,64077.0,,,,,,,,,,,,,,John Patton,"[('John Patten', 90.9090909090909, 39849)]"
39937,39937,79464.0,,,,,William,Payford,,,,,47.6,,,,,nc,Pierce_Certs_cleaned_2019.xlsx,64168.0,,,,,,,,,,,,,,William Payford,"[('William Paford', 96.55172413793103, 39457), ('William Pafford', 93.33333333333333, 39456)]"
39999,39999,79589.0,,,,,Thomas,Pearson,,,,,32.2,,,,,nc,Pierce_Certs_cleaned_2019.xlsx,64293.0,,,,,,,,,,,,,,Thomas Pearson,"[('Thomas Thomas', 95.0, 46990)]"
40191,40191,80076.0,,,,,Thomas,Perkins,Jun,,,,193.0,0.0,,,,nc,Pierce_Certs_cleaned_2019.xlsx,64780.0,,,,,,,,,,,,,,Thomas Perkins,"[('Thomas Thomas', 95.0, 46990)]"
40795,40795,81637.0,,,,,Jesse,Pollock,,,,,76.6,,,,,nc,Pierce_Certs_cleaned_2019.xlsx,66341.0,,,,,,,,,,,,,,Jesse Pollock,"[('Jesse Follock', 92.3076923076923, 25751)]"
40832,40832,81708.0,,,,,Thomas,Ponder,,,,,115.0,,,,,nc,Pierce_Certs_cleaned_2019.xlsx,66412.0,,,,,,,,,,,,,,Thomas Ponder,"[('Thomas Thomas', 95.0, 46990)]"
41071,41071,82501.0,,,,,Thomas,Pratt,Jun,,,,508.0,0.0,,,,nc,Pierce_Certs_cleaned_2019.xlsx,67205.0,,,,,,,,,,,,,,Thomas Pratt,"[('Thomas Thomas', 95.0, 46990)]"
41465,41465,83467.0,,,,,Robert,Raiford,Jun,,,,2400.0,0.0,,,,nc,Pierce_Certs_cleaned_2019.xlsx,68171.0,,,,,,,,,,,,,,Robert Raiford,"[('Robert Rairford', 96.55172413793103, 41480)]"
41480,41480,83486.0,,,,,Robert,Rairford,,,,,329.42,,,,,nc,Pierce_Certs_cleaned_2019.xlsx,68190.0,,,,,,,,,,,,,,Robert Rairford,"[('Robert Raiford', 96.55172413793103, 41465)]"
41497,41497,83513.0,,,,,Thomas,Ralph,,,,,28.6,,,,,nc,Pierce_Certs_cleaned_2019.xlsx,68217.0,,,,,,,,,,,,,,Thomas Ralph,"[('Thomas Thomas', 95.0, 46990)]"
42022,42022,84848.0,,,,,Jose. Tho,Rhodes,Jun,,,,1600.0,0.0,,,,nc,Pierce_Certs_cleaned_2019.xlsx,69552.0,,,,,,,,,,,,,,Jose. Tho Rhodes,"[('Joseph Tho Rhodes', 90.9090909090909, 42025)]"
42024,42024,84852.0,,,,,Joseph T,Rhodes,,,,,387.41,,,,,nc,Pierce_Certs_cleaned_2019.xlsx,69556.0,,,,,,,,,,,,,,Joseph T Rhodes,"[('Joseph Tho Rhodes', 93.75, 42025)]"
42025,42025,84853.0,,,,,Joseph Tho,Rhodes,,,,,260.0,,,,,nc,Pierce_Certs_cleaned_2019.xlsx,69557.0,,,,,,,,,,,,,,Joseph Tho Rhodes,"[('Joseph T Rhodes', 93.75, 42024), ('Jose. Tho Rhodes', 90.9090909090909, 42022)]"
42260,42260,85484.0,,,,,William,Riggins,,,,,22.6,,,,,nc,Pierce_Certs_cleaned_2019.xlsx,70188.0,,,,,,,,,,,,,,William Riggins,"[('William Wiggins', 93.33333333333333, 49960)]"
42279,42279,85509.0,,,,,William,Riles,,,,,22.2,,,,,nc,Pierce_Certs_cleaned_2019.xlsx,70213.0,,,,,,,,,,,,,,William Riles,"[('William Riley', 92.3076923076923, 42287)]"
42287,42287,85542.0,,,,,William,Riley,Jun,,,,20.0,0.0,,,,nc,Pierce_Certs_cleaned_2019.xlsx,70246.0,,,,,,,,,,,,,,William Riley,"[('William Riles', 92.3076923076923, 42279)]"
42402,42402,85793.0,,,,,John,Roberson,Jun,,,,237.0,0.0,,,,nc,Pierce_Certs_cleaned_2019.xlsx,70497.0,,,,,,,,,,,,,,John Roberson,"[('John Robertson', 96.2962962962963, 42462), ('John Robeson', 96.0, 42480)]"
42462,42462,86008.0,,,,,John,Robertson,Jun,,,,2319.0,0.0,,,,nc,Pierce_Certs_cleaned_2019.xlsx,70712.0,,,,,,,,,,,,,,John Robertson,"[('John Roberson', 96.2962962962963, 42402), ('John Robeson', 92.3076923076923, 42480)]"
42470,42470,86023.0,,,,,Thomas,Robertson,,,,,31.3,,,,,nc,Pierce_Certs_cleaned_2019.xlsx,70727.0,,,,,,,,,,,,,,Thomas Robertson,"[('Thomas Thomas', 95.0, 46990)]"
42480,42480,86042.0,,,,,John,Robeson,,,,,84.3,,,,,nc,Pierce_Certs_cleaned_2019.xlsx,70746.0,,,,,,,,,,,,,,John Robeson,"[('John Roberson', 96.0, 42402), ('John Robertson', 92.3076923076923, 42462)]"
42626,42626,86469.0,,,,,Jesse,Roe,,,,,81.6,,,,,nc,Pierce_Certs_cleaned_2019.xlsx,71173.0,,,,,,,,,,,,,,Jesse Roe,"[('Jesse Rowe', 94.73684210526316, 42919)]"
42708,42708,86707.0,,,,,Thomas,Roman,,,,,84.3,,,,,nc,Pierce_Certs_cleaned_2019.xlsx,71411.0,,,,,,,,,,,,,,Thomas Roman,"[('Thomas Thomas', 95.0, 46990)]"
42919,42919,87209.0,,,,,Jesse,Rowe,,,,,25.6,,,,,nc,Pierce_Certs_cleaned_2019.xlsx,71913.0,,,,,,,,,,,,,,Jesse Rowe,"[('Jesse Roe', 94.73684210526316, 42626)]"
43133,43133,87729.0,,,,,Thomas,Rutherford,,,,,33.3,,,,,nc,Pierce_Certs_cleaned_2019.xlsx,72433.0,,,,,,,,,,,,,,Thomas Rutherford,"[('Thomas Thomas', 95.0, 46990)]"
43143,43143,87747.0,,,,,William,Ryal,Jun,,,,80.0,0.0,,,,nc,Pierce_Certs_cleaned_2019.xlsx,72451.0,,,,,,,,,,,,,,William Ryal,"[('William Ryall', 96.0, 43144)]"
43144,43144,87748.0,,,,,William,Ryall,,,,,43.3,,,,,nc,Pierce_Certs_cleaned_2019.xlsx,72452.0,,,,,,,,,,,,,,William Ryall,"[('William Ryal', 96.0, 43143)]"
43335,43335,88162.0,,,,,William,Sanders,Jun,,,,1776.0,0.0,,,,nc,Pierce_Certs_cleaned_2019.xlsx,72866.0,,,,,,,,,,,,,,William Sanders,"[('William Manders', 93.33333333333333, 35304)]"
43423,43423,88351.0,,,,,Thomas,Saunders,,,,,30.8,,,,,nc,Pierce_Certs_cleaned_2019.xlsx,73055.0,,,,,,,,,,,,,,Thomas Saunders,"[('Thomas Thomas', 95.0, 46990)]"
43512,43512,88562.0,,,,,Thomas,Scarlet,,,,,26.6,,,,,nc,Pierce_Certs_cleaned_2019.xlsx,73266.0,,,,,,,,,,,,,,Thomas Scarlet,"[('Thomas Thomas', 95.0, 46990)]"
43582,43582,88679.0,,,,,Dannis,Scott,,,,,26.6,,,,,nc,Pierce_Certs_cleaned_2019.xlsx,73383.0,,,,,,,,,,,,,,Dannis Scott,"[('Dennis Scott', 91.66666666666666, 43584)]"
43584,43584,88691.0,,,,,Dennis,Scott,,,,,76.6,,,,,nc,Pierce_Certs_cleaned_2019.xlsx,73395.0,,,,,,,,,,,,,,Dennis Scott,"[('Dannis Scott', 91.66666666666666, 43582)]"
43664,43664,88958.0,,,,,John,Seagraves,,,,,24.8,,,,,nc,Pierce_Certs_cleaned_2019.xlsx,73662.0,,,,,,,,,,,,,,John Seagraves,"[('John Seagreaves', 96.55172413793103, 43665)]"
43665,43665,88959.0,,,,,John,Seagreaves,,,,,76.6,,,,,nc,Pierce_Certs_cleaned_2019.xlsx,73663.0,,,,,,,,,,,,,,John Seagreaves,"[('John Seagraves', 96.55172413793103, 43664)]"
43694,43694,89015.0,,,,,Robert,Seayers,Jun,,,,80.0,0.0,,,,nc,Pierce_Certs_cleaned_2019.xlsx,73719.0,,,,,,,,,,,,,,Robert Seayers,"[('Robert Seyers', 96.2962962962963, 43864)]"
43766,43766,89150.0,,,,,Thomas,Sellis,,,,,25.5,,,,,nc,Pierce_Certs_cleaned_2019.xlsx,73854.0,,,,,,,,,,,,,,Thomas Sellis,"[('Thomas Thomas', 95.0, 46990)]"
43864,43864,89321.0,,,,,Robert,Seyers,,,,,28.6,,,,,nc,Pierce_Certs_cleaned_2019.xlsx,74025.0,,,,,,,,,,,,,,Robert Seyers,"[('Robert Seayers', 96.2962962962963, 43694)]"
44385,44385,90448.0,,,,,Thomas,Shurley,,,,,31.6,,,,,nc,Pierce_Certs_cleaned_2019.xlsx,75152.0,,,,,,,,,,,,,,Thomas Shurley,"[('Thomas Thomas', 95.0, 46990)]"
44430,44430,90548.0,,,,,James,Sikes,,,,,110.0,,,,,nc,Pierce_Certs_cleaned_2019.xlsx,75252.0,,,,,,,,,,,,,,James Sikes,"[('James Sykes', 90.9090909090909, 46484)]"
44437,44437,90564.0,,,,,Thomas,Silas,,,,,76.6,,,,,nc,Pierce_Certs_cleaned_2019.xlsx,75268.0,,,,,,,,,,,,,,Thomas Silas,"[('Thomas Thomas', 95.0, 46990)]"
44468,44468,90629.0,,,,,Nathan,Silvester,,,,,76.6,,,,,nc,Pierce_Certs_cleaned_2019.xlsx,75333.0,,,,,,,,,,,,,,Nathan Silvester,"[('Nathan Sylvester', 93.75, 46492)]"
44489,44489,90659.0,,,,,John,Simmonds,Jun,,,,265.0,0.0,,,,nc,Pierce_Certs_cleaned_2019.xlsx,75363.0,,,,,,,,,,,,,,John Simmonds,"[('John Simmons', 96.0, 44503), ('John Simons', 91.66666666666666, 44554)]"
44503,44503,90693.0,,,,,John,Simmons,Jun,,,,151.0,0.0,,,,nc,Pierce_Certs_cleaned_2019.xlsx,75397.0,,,,,,,,,,,,,,John Simmons,"[('John Simmonds', 96.0, 44489), ('John Simons', 95.65217391304348, 44554)]"
44554,44554,90799.0,,,,,John,Simons,Jun,,,,23.0,0.0,,,,nc,Pierce_Certs_cleaned_2019.xlsx,75503.0,,,,,,,,,,,,,,John Simons,"[('John Simmons', 95.65217391304348, 44503), ('John Simmonds', 91.66666666666666, 44489)]"
44885,44885,91817.0,,,,,Jacob,Smith,Jun,,,,761.0,0.0,,,,nc,Pierce_Certs_cleaned_2019.xlsx,76521.0,,,,,,,,,,,,,,Jacob Smith,"[('Job Smith', 90.0, 44897)]"
44897,44897,91921.0,,,,,Job,Smith,Jun,,,,80.0,0.0,,,,nc,Pierce_Certs_cleaned_2019.xlsx,76625.0,,,,,,,,,,,,,,Job Smith,"[('Jacob Smith', 90.0, 44885)]"
44970,44970,92632.0,,,,,Thomas,Smith,Jun,,,,2457.0,0.0,,,,nc,Pierce_Certs_cleaned_2019.xlsx,77336.0,,,,,,,,,,,,,,Thomas Smith,"[('Thomas Thomas', 95.0, 46990)]"
45149,45149,93132.0,,,,,Thomas,Spain,,,,,84.3,,,,,nc,Pierce_Certs_cleaned_2019.xlsx,77836.0,,,,,,,,,,,,,,Thomas Spain,"[('Thomas Thomas', 95.0, 46990)]"
45288,45288,93425.0,,,,,Thomas,Spires,,,,,23.7,,,,,nc,Pierce_Certs_cleaned_2019.xlsx,78129.0,,,,,,,,,,,,,,Thomas Spires,"[('Thomas Thomas', 95.0, 46990)]"
45756,45756,94548.0,,,,,Thomas,Stevens,Jun,,,,780.0,0.0,,,,nc,Pierce_Certs_cleaned_2019.xlsx,79252.0,,,,,,,,,,,,,,Thomas Stevens,"[('Thomas Thomas', 95.0, 46990)]"
45982,45982,95145.0,,,,,Thomas,Stokely,,,,,80.0,,,,,nc,Pierce_Certs_cleaned_2019.xlsx,79849.0,,,,,,,,,,,,,,Thomas Stokely,"[('Thomas Thomas', 95.0, 46990)]"
46345,46345,96037.0,,,,,Thomas,Surls,,,,,22.2,,,,,nc,Pierce_Certs_cleaned_2019.xlsx,80741.0,,,,,,,,,,,,,,Thomas Surls,"[('Thomas Thomas', 95.0, 46990)]"
46470,46470,96333.0,,,,,Thomas,Swinney,,,,,27.1,,,,,nc,Pierce_Certs_cleaned_2019.xlsx,81037.0,,,,,,,,,,,,,,Thomas Swinney,"[('Thomas Thomas', 95.0, 46990)]"
46484,46484,96351.0,,,,,James,Sykes,,,,,76.6,,,,,nc,Pierce_Certs_cleaned_2019.xlsx,81055.0,,,,,,,,,,,,,,James Sykes,"[('James Sikes', 90.9090909090909, 44430)]"
46492,46492,96368.0,,,,,Nathan,Sylvester,,,,,26.6,,,,,nc,Pierce_Certs_cleaned_2019.xlsx,81072.0,,,,,,,,,,,,,,Nathan Sylvester,"[('Nathan Silvester', 93.75, 44468)]"
46660,46660,96692.0,,,,,Joel,Tayborn,,,,,80.0,,,,,nc,Pierce_Certs_cleaned_2019.xlsx,81396.0,,,,,,,,,,,,,,Joel Tayborn,"[('Joel Tayborne', 96.0, 46661), ('Joel Taybourn', 96.0, 46663)]"
46661,46661,96693.0,,,,,Joel,Tayborne,,,,,43.3,,,,,nc,Pierce_Certs_cleaned_2019.xlsx,81397.0,,,,,,,,,,,,,,Joel Tayborne,"[('Joel Tayborn', 96.0, 46660), ('Joel Taybourn', 92.3076923076923, 46663)]"
46663,46663,96695.0,,,,,Joel,Taybourn,,,,,80.0,,,,,nc,Pierce_Certs_cleaned_2019.xlsx,81399.0,,,,,,,,,,,,,,Joel Taybourn,"[('Joel Tayborn', 96.0, 46660), ('Joel Tayborne', 92.3076923076923, 46661)]"
46947,46947,97499.0,,,,,Amasa,Thomas,,,,,25.5,,,,,nc,Pierce_Certs_cleaned_2019.xlsx,82203.0,,,,,,,,,,,,,,Amasa Thomas,"[('Thomas Thomas', 95.0, 46990)]"
46951,46951,97514.0,,,,,Caleb,Thomas,Jun,,,,597.0,0.0,,,,nc,Pierce_Certs_cleaned_2019.xlsx,82218.0,,,,,,,,,,,,,,Caleb Thomas,"[('Thomas Thomas', 95.0, 46990)]"
46978,46978,97670.0,,,,,Lemuel,Thomas,,,,,20.0,,,,,nc,Pierce_Certs_cleaned_2019.xlsx,82374.0,,,,,,,,,,,,,,Lemuel Thomas,"[('Thomas Thomas', 95.0, 46990)]"
46985,46985,97698.0,,,,,Philemon,Thomas,,,,,46.0,,,,,nc,Pierce_Certs_cleaned_2019.xlsx,82402.0,,,,,,,,,,,,,,Philemon Thomas,"[('Thomas Thomas', 95.0, 46990)]"
46986,46986,97699.0,,,,,Philip,Thomas,,,,,48.3,,,,,nc,Pierce_Certs_cleaned_2019.xlsx,82403.0,,,,,,,,,,,,,,Philip Thomas,"[('Thomas Thomas', 95.0, 46990)]"
46987,46987,97705.0,,,,,Samuel,Thomas,Jun,,,,223.0,0.0,,,,nc,Pierce_Certs_cleaned_2019.xlsx,82409.0,,,,,,,,,,,,,,Samuel Thomas,"[('Thomas Thomas', 95.0, 46990)]"
46989,46989,97709.0,,,,,Stephen,Thomas,Jun,,,,46.0,0.0,,,,nc,Pierce_Certs_cleaned_2019.xlsx,82413.0,,,,,,,,,,,,,,Stephen Thomas,"[('Thomas Thomas', 95.0, 46990)]"
46990,46990,97714.0,,,,,Thomas,Thomas,Jun,,,,229.0,0.0,,,,nc,Pierce_Certs_cleaned_2019.xlsx,82418.0,,,,,,,,,,,,,,Thomas Thomas,"[('Thomas Anderson', 95.0, 14600), ('Thomas Angel', 95.0, 14665), ('Thomas Armstrong', 95.0, 14772), ('Thomas Baxter', 95.0, 15984)]"
46994,46994,97740.0,,,,,William,Thomas,Jun,,,,1054.0,0.0,,,,nc,Pierce_Certs_cleaned_2019.xlsx,82444.0,,,,,,,,,,,,,,William Thomas,"[('Thomas Thomas', 95.0, 46990)]"
47364,47364,98723.0,,,,,John,Toney,,,,,20.0,,,,,nc,Pierce_Certs_cleaned_2019.xlsx,83427.0,,,,,,,,,,,,,,John Toney,"[('John Honey', 90.0, 30607)]"
47660,47660,99312.0,,,,,Thomas,Trotman,,,,,30.8,,,,,nc,Pierce_Certs_cleaned_2019.xlsx,84016.0,,,,,,,,,,,,,,Thomas Trotman,"[('Thomas Thomas', 95.0, 46990)]"
47922,47922,100000.0,,,,,Thomas D,Tyack,,,,,27.0,,,,,nc,Pierce_Certs_cleaned_2019.xlsx,84704.0,,,,,,,,,,,,,,Thomas D Tyack,"[('Thomas Thomas', 95.0, 46990)]"
47928,47928,100011.0,,,,,Thomas,Tyer,,,,,68.0,,,,,nc,Pierce_Certs_cleaned_2019.xlsx,84715.0,,,,,,,,,,,,,,Thomas Tyer,"[('Thomas Tyler', 95.65217391304348, 47945), ('Thomas Thomas', 95.0, 46990)]"
47945,47945,100056.0,,,,,Thomas,Tyler,,,,,46.2,,,,,nc,Pierce_Certs_cleaned_2019.xlsx,84760.0,,,,,,,,,,,,,,Thomas Tyler,"[('Thomas Tyer', 95.65217391304348, 47928), ('Thomas Thomas', 95.0, 46990)]"
47960,47960,100078.0,,,,,William,Uell,,,,,40.6,,,,,nc,Pierce_Certs_cleaned_2019.xlsx,84782.0,,,,,,,,,,,,,,William Uell,"[('William Bell', 91.66666666666666, 16307)]"
47977,47977,100109.0,,,,,Dempsey,Underdoo,Jun,,,,80.0,0.0,,,,nc,Pierce_Certs_cleaned_2019.xlsx,84813.0,,,,,,,,,,,,,,Dempsey Underdoo,"[('Dempsey Undudoo', 90.32258064516128, 47987)]"
47987,47987,100131.0,,,,,Dempsey,Undudoo,Jun,,,,33.0,0.0,,,,nc,Pierce_Certs_cleaned_2019.xlsx,84835.0,,,,,,,,,,,,,,Dempsey Undudoo,"[('Dempsey Underdoo', 90.32258064516128, 47977)]"
48317,48317,100793.0,,,,,Thomas,Vicker,,,,,75.0,,,,,nc,Pierce_Certs_cleaned_2019.xlsx,85497.0,,,,,,,,,,,,,,Thomas Vicker,"[('Thomas Thomas', 95.0, 46990)]"
48648,48648,101650.0,,,,,Thomas,Wallace,Jun,,,,458.0,0.0,,,,nc,Pierce_Certs_cleaned_2019.xlsx,86354.0,,,,,,,,,,,,,,Thomas Wallace,"[('Thomas Thomas', 95.0, 46990)]"
48715,48715,101795.0,,,,,Solomon,Walters,,,,,43.3,,,,,nc,Pierce_Certs_cleaned_2019.xlsx,86499.0,,,,,,,,,,,,,,Solomon Walters,"[('Solomon Waters', 96.55172413793103, 49017)]"
48762,48762,101899.0,,,,,Thomas,Warbuton,,,,,70.0,,,,,nc,Pierce_Certs_cleaned_2019.xlsx,86603.0,,,,,,,,,,,,,,Thomas Warbuton,"[('Thomas Thomas', 95.0, 46990)]"
49017,49017,102633.0,,,,,Solomon,Waters,Jun,,,,160.0,0.0,,,,nc,Pierce_Certs_cleaned_2019.xlsx,87337.0,,,,,,,,,,,,,,Solomon Waters,"[('Solomon Walters', 96.55172413793103, 48715)]"
49024,49024,102655.0,,,,,Benjamin,Watkins,Jun,,,,221.0,0.0,,,,nc,Pierce_Certs_cleaned_2019.xlsx,87359.0,,,,,,,,,,,,,,Benjamin Watkins,"[('Benjamin Atkins', 90.32258064516128, 14873)]"
49291,49291,103473.0,,,,,William,Welch,Jun,,,,921.0,0.0,,,,nc,Pierce_Certs_cleaned_2019.xlsx,88177.0,,,,,,,,,,,,,,William Welch,"[('William Welsh', 92.3076923076923, 49358)]"
49358,49358,103664.0,,,,,William,Welsh,Jun,,,,113.0,0.0,,,,nc,Pierce_Certs_cleaned_2019.xlsx,88368.0,,,,,,,,,,,,,,William Welsh,"[('William Welch', 92.3076923076923, 49291)]"
49483,49483,103920.0,,,,,Francis,Westerdale,Jun,,,,80.0,0.0,,,,nc,Pierce_Certs_cleaned_2019.xlsx,88624.0,,,,,,,,,,,,,,Francis Westerdale,"[('Francis Westudale', 91.42857142857143, 49499)]"
49499,49499,103949.0,,,,,Francis,Westudale,,,,,80.0,,,,,nc,Pierce_Certs_cleaned_2019.xlsx,88653.0,,,,,,,,,,,,,,Francis Westudale,"[('Francis Westerdale', 91.42857142857143, 49483)]"
49828,49828,104941.0,,,,,Micajah,Whitley,,,,,76.6,,,,,nc,Pierce_Certs_cleaned_2019.xlsx,89645.0,,,,,,,,,,,,,,Micajah Whitley,"[('Micajah Witley', 96.55172413793103, 50557)]"
49956,49956,105256.0,,,,,Levi,Wiggins,Jun,,,,80.0,0.0,,,,nc,Pierce_Certs_cleaned_2019.xlsx,89960.0,,,,,,,,,,,,,,Levi Wiggins,"[('Levy Wiggins', 91.66666666666666, 49957)]"
49957,49957,105257.0,,,,,Levy,Wiggins,,,,,43.3,,,,,nc,Pierce_Certs_cleaned_2019.xlsx,89961.0,,,,,,,,,,,,,,Levy Wiggins,"[('Levi Wiggins', 91.66666666666666, 49956)]"
49960,49960,105264.0,,,,,William,Wiggins,Jun,,,,80.0,0.0,,,,nc,Pierce_Certs_cleaned_2019.xlsx,89968.0,,,,,,,,,,,,,,William Wiggins,"[('William Riggins', 93.33333333333333, 42260)]"
50035,50035,105410.0,,,,,James,Wiley,,,,,27.1,,,,,nc,Pierce_Certs_cleaned_2019.xlsx,90114.0,,,,,,,,,,,,,,James Wiley,"[('James Winley', 95.65217391304348, 50438)]"
50070,50070,105512.0,,,,,Thomas,Wilkins,Jun,,,,223.0,0.0,,,,nc,Pierce_Certs_cleaned_2019.xlsx,90216.0,,,,,,,,,,,,,,Thomas Wilkins,"[('Thomas Thomas', 95.0, 46990)]"
50168,50168,105782.0,,,,,Francis,Williams,Jun,,,,123.0,0.0,,,,nc,Pierce_Certs_cleaned_2019.xlsx,90486.0,,,,,,,,,,,,,,Francis Williams,"[('Francis Williamson', 94.11764705882352, 50223)]"
50193,50193,105972.0,,,,,Nath,Williams,,,,,194.8,,,,,nc,Pierce_Certs_cleaned_2019.xlsx,90676.0,,,,,,,,,,,,,,Nath Williams,"[('Nathan Williams', 92.85714285714286, 50194)]"
50194,50194,105976.0,,,,,Nathan,Williams,Jun,,,,1600.0,0.0,,,,nc,Pierce_Certs_cleaned_2019.xlsx,90680.0,,,,,,,,,,,,,,Nathan Williams,"[('Nath Williams', 92.85714285714286, 50193)]"
50196,50196,105982.0,,,,,Nicholas,Williams,,,,,35.4,,,,,nc,Pierce_Certs_cleaned_2019.xlsx,90686.0,,,,,,,,,,,,,,Nicholas Williams,"[('William Nicholas', 92.12121212121211, 38695)]"
50220,50220,106131.0,,,,,William,Williams,Jun,,,,3247.0,0.0,,,,nc,Pierce_Certs_cleaned_2019.xlsx,90835.0,,,,,,,,,,,,,,William Williams,"[('William Williamson', 94.11764705882352, 50228)]"
50223,50223,106134.0,,,,,Francis,Williamson,,,,,76.6,,,,,nc,Pierce_Certs_cleaned_2019.xlsx,90838.0,,,,,,,,,,,,,,Francis Williamson,"[('Francis Williams', 94.11764705882352, 50168)]"
50228,50228,106155.0,,,,,William,Williamson,,,,,24.8,,,,,nc,Pierce_Certs_cleaned_2019.xlsx,90859.0,,,,,,,,,,,,,,William Williamson,"[('William Williams', 94.11764705882352, 50220), ('William Willson', 90.9090909090909, 50318)]"
50317,50317,106448.0,,,,,Thomas,Willson,Jun,,,,855.0,0.0,,,,nc,Pierce_Certs_cleaned_2019.xlsx,91152.0,,,,,,,,,,,,,,Thomas Willson,"[('Thomas Thomas', 95.0, 46990)]"
50318,50318,106477.0,,,,,William,Willson,Jun,,,,4445.0,0.0,,,,nc,Pierce_Certs_cleaned_2019.xlsx,91181.0,,,,,,,,,,,,,,William Willson,"[('William Williamson', 90.9090909090909, 50228)]"
50438,50438,106813.0,,,,,James,Winley,,,,,38.3,,,,,nc,Pierce_Certs_cleaned_2019.xlsx,91517.0,,,,,,,,,,,,,,James Winley,"[('James Wiley', 95.65217391304348, 50035)]"
50557,50557,107064.0,,,,,Micajah,Witley,,,,,25.1,,,,,nc,Pierce_Certs_cleaned_2019.xlsx,91768.0,,,,,,,,,,,,,,Micajah Witley,"[('Micajah Whitley', 96.55172413793103, 49828)]"
50607,50607,107166.0,,,,,Charles,Wood,Jun,,,,261.0,0.0,,,,nc,Pierce_Certs_cleaned_2019.xlsx,91870.0,,,,,,,,,,,,,,Charles Wood,"[('Charles Hood', 91.66666666666666, 30614)]"
50629,50629,107243.0,,,,,John,Wood,Jun,,,,306.0,0.0,,,,nc,Pierce_Certs_cleaned_2019.xlsx,91947.0,,,,,,,,,,,,,,John Wood,"[('John Woodle', 90.0, 50684)]"
50650,50650,107337.0,,,,,William,Wood,Jun,,,,694.0,0.0,,,,nc,Pierce_Certs_cleaned_2019.xlsx,92041.0,,,,,,,,,,,,,,William Wood,"[('William Hood', 91.66666666666666, 30619)]"
50684,50684,107418.0,,,,,John,Woodle,,,,,76.6,,,,,nc,Pierce_Certs_cleaned_2019.xlsx,92122.0,,,,,,,,,,,,,,John Woodle,"[('John Wood', 90.0, 50629)]"
