Last Name,First Name,Position,State,County / Town,Vote
Stevens,John,President,NJ,Hunterdon,yes
Fell,John,,NJ,Bergen,yes
Zabriskie,Peter,,NJ,Bergen,yes
Hennion,Cornelius,,NJ,Bergen,yes
Chetwood,John,,NJ,Essex,yes
Hay,Samuel,,NJ,Essex,yes
Crane ,David,,NJ,Essex,yes
Neilson,John,,NJ,Middlesex,yes
Beatty,John,,NJ,Middlesex,yes
Manning ,Benjamin,,NJ,Middlesex,yes
Lawrence,Elisha,,NJ,Monmouth,yes
Breese,Samuel,,NJ,Monmouth,yes
Crawford ,William,,NJ,Monmouth,yes
Witherspoon,Jno,,NJ,Somerset,yes
Hardenbergh,Jacob,,NJ,Somerset,yes
Frelinghuysen ,Theo,,NJ,Somerset,yes
Reynolds,Thomas,,NJ,Burlington,yes
Anderson,Geo,,NJ,Burlington,yes
Wallace ,Joshua M.,,NJ,Burlington,yes
Howell,R,,NJ,Gloucester,yes
Hunter,And,,NJ,Gloucester,yes
Whitall ,Benjamin,,NJ,Gloucester,yes
Cripps,Whitton,,NJ,Salem,yes
Wetherby ,Edmund,,NJ,Salem,yes
Hand,Jesse,,NJ,Cape May,yes
Eldredge,Jeremiah,,NJ,Cape May,yes
Whilldin ,Matthew,,NJ,Cape May,yes
Brearley,David,,NJ,Hunterdon,yes
Corshon ,Joshua,,NJ,Hunterdon,yes
Windes,William,,NJ,Morris,yes
Woodhull,William,,NJ,Morris,yes
Faesch ,John Jacob,,NJ,Morris,yes
Potter,David,,NJ,Cumberland,yes
Bowen,Jonathan,,NJ,Cumberland,yes
Elmer,Eli,,NJ,Cumberland,yes
Ogden,Robert,,NJ,Sussex,yes
Anderson,Thomas,,NJ,Sussex,yes
Hoops,Robert,,NJ,Sussex,yes
Stockton,Samuel W.,Secretary,NJ,,did not vote
Collins,Thomas ,President,DE,,yes
Ingram,John,,DE,Sussex,yes
Jones,John,,DE,Sussex,yes
Moore,William,,DE,Sussex,yes
Hall,William,,DE,Sussex,yes
Laws,Thomas,,DE,Sussex,yes
Cooper,Isaac,,DE,Sussex,yes
Stockly,Woodman,,DE,Sussex,yes
Laws,John,,DE,Sussex,yes
Evans,Thomas,,DE,Sussex,yes
Holland,Israel,,DE,Sussex,yes
Ridgely,Nicholas,,DE,Kent,yes
Smith,Richard,,DE,Kent,yes
Truitt,George,,DE,Kent,yes
Bassett,Richard,,DE,Kent,yes
Sykes,James,,DE,Kent,yes
McLane,Allen,,DE,Kent,yes
"Cummins, Sr.",Daniel,,DE,Kent,yes
Barker,Joseph,,DE,Kent,yes
White,Edward,,DE,Kent,yes
Manlove,George,,DE,Kent,yes
Latimer,Ja.s,President,DE,New Castle,yes
Black,James,,DE,New Castle,yes
James,Jn.a,,DE,New Castle,yes
"Bedford, Sr.",Gunning,,DE,New Castle,yes
Johns,Kensey,,DE,New Castle,yes
Wastson,Thomas,,DE,New Castle,yes
Maxwell,Solomon,,DE,New Castle,yes
Way,Nicholas,,DE,New Castle,yes
Duff,Thomas,,DE,New Castle,yes
"Bedford, Jr.",Gunning,,DE,New Castle,yes
Wereat,John,President,GA,Richmond,yes
Stevens,William,,GA,Chatham,yes
Habersham,Joseph,,GA,Chatham,yes
Davis,Jenkin,,GA,Effingham,yes
Brownson,N.,,GA,Effingham,yes
Telfair,Edward,,GA,Burke,yes
Todd,H.,,GA,Burke,yes
Few,William,,GA,Richmond,yes
McNeil,James,,GA,Richmond,yes
Matthews,George,,GA,Wilkes,yes
Sullivan,Florence,,GA,Wilkes,yes
King,John,,GA,Wilkes,yes
Powell,James,,GA,Liberty,yes
Elliot,John,,GA,Liberty,yes
Maxwell,James,,GA,Liberty,yes
Handley,George,,GA,Glynn,yes
Hillary,Christopher,,GA,Glynn,yes
Milton,J.,,GA,Glynn,yes
Osborne,Henry,,GA,Camden,yes
Seagrove,James,,GA,Camden,yes
Weed,Jacob,,GA,Camden,yes
Irwin,Jared,,GA,Washington,yes
Rutherford,John,,GA,Washington,yes
Christmas,Robert,,GA,Greene,yes
Daniell,Thomas,,GA,Greene,yes
Middleton,R.,,GA,Greene,yes
Griswold,Matthew,President,CT,,yes
Strong,Jedediah,Secretary,CT,,did not vote
Wadsworth,Jeremiah,,CT,,yes
Root,Jesse,,CT,,yes
Lee,Isaac,,CT,,yes
Hart,Selah,,CT,,yes
"Peck, Jun.",Zebulon,,CT,,yes
Pitkin,Elisha,,CT,,yes
Wolcott,Erastur,,CT,,yes
Watson,John,,CT,,yes
Treadwell,John,,CT,,yes
Judd,William,,CT,,yes
Minor,Nathaniel,,CT,,yes
Sturges,Jonathan,,CT,,yes
Burr,Thaddeus,,CT,,yes
Whittlesey,Elisha,,CT,,yes
White,Joseph Moss,,CT,,yes
Mead,Amos,,CT,,yes
Fitch,Jabez,,CT,,yes
Beardsley,Nehemiah,,CT,,yes
Potter,James,,CT,,yes
Chandler,John,,CT,,yes
Burnham,Issac,,CT,,yes
Wilder,John,,CT,,yes
Prindle,Mark,,CT,,yes
Hubbel,Jedediah,,CT,,yes
Austin,Aaron,,CT,,yes
Canfield,Samuel,,CT,,yes
Everitt,Daniel,,CT,,yes
Fitch,Hezekiah,,CT,,yes
Porter,Joshua,,CT,,yes
Hinma,Benjamin,,CT,,yes
Mosely,Joseph,,CT,,yes
Goodrich,Wait,,CT,,yes
Curtiss,John,,CT,,yes
Barns,Asa,,CT,,yes
Mitchell,Stephen Mix,,CT,,yes
Chester,John,,CT,,yes
Ellsworth,Oliver,,CT,,yes
Newberry,Roger,,CT,,yes
Sherman,Roger,,CT,,yes
Edwards,Pierpont,,CT,,yes
Beach,Samuel,,CT,,yes
Holbrook,Daniel,,CT,,yes
Holbrook,John,,CT,,yes
Buckingham,Gideon,,CT,,yes
"Mallet, Jun.",Lewis,,CT,,yes
Hopkins,Joseph,,CT,,yes
Welton,John,,CT,,yes
Law,Richard,,CT,,yes
Learned,Amasa,,CT,,yes
Huntington,Samuel,,CT,,yes
Huntington,Jedediah,,CT,,yes
Huntington,Isaac,,CT,,yes
Robbins,Robert,,CT,,yes
Foot,Daniel,,CT,,yes
Hyde,Eli,,CT,,yes
Woodbridge,Joseph,,CT,,yes
Billings,Stephen,,CT,,yes
Lee,Andrew,,CT,,yes
Noyes,William,,CT,,yes
"Raymond, Jun.",Joshua ,,CT,,yes
Halsey,Jeremiah,,CT,,yes
Coit,Wheeler,,CT,,yes
Phelps,Charles,,CT,,yes
Beach,John,,CT,,yes
Rogers,Hezekiah,,CT,,yes
Sandford,Lemuel,,CT,,yes
Heron,William,,CT,,yes
Bradley,Philip Burr,,CT,,yes
Danchy,Nathan,,CT,,yes
Davenport,James,,CT,,yes
"Davenport, Jun.",John,,CT,,yes
Johnson,William Samuel,,CT,,yes
Mills,Elisha,,CT,,yes
Dyer,Eliphalet,,CT,,yes
Elderkin,Jedediah,,CT,,yes
Smith,Simeon,,CT,,yes
Dow,Hendrick,,CT,,yes
Paine,Seth,,CT,,yes
Witter,Asa,,CT,,yes
Cleveland,Moses,,CT,,yes
Howe,Samson,,CT,,yes
Danielson,William,,CT,,yes
Williams,William,,CT,,yes
Bradford,James,,CT,,yes
Dunlap,Joshua,,CT,,yes
Learned,Daniel,,CT,,yes
Campbell,Moses,,CT,,yes
Dow,Benjamin,,CT,,yes
Wolcott,Oliver,,CT,,yes
Strong,Jedediah,,CT,,yes
Hawley,Moses,,CT,,yes
Burrall,Charles,,CT,,yes
Hale,Nathan,,CT,,yes
Miles,Daniel,,CT,,yes
Hall,Asaph,,CT,,yes
Sheldon,Epaphras,,CT,,yes
Curtiss,Eleazer,,CT,,yes
Whittlesey,John ,,CT,,yes
Brinsmade,Dan. Nath.,,CT,,yes
Fenn,Thomas,,CT,,yes
Smith,David,,CT,,yes
M'Cune,Robert,,CT,,yes
Sherman,Daniel,,CT,,yes
Orton,Samuel,,CT,,yes
Miller,Asher,,CT,,yes
Parsons,Samuel H.,,CT,,yes
White,Ebenezer,,CT,,yes
Goodrich,Hezekiah,,CT,,yes
Throop,Dyer,,CT,,yes
Chapman,Jabez,,CT,,yes
Higgins,Cornelius,,CT,,yes
Brainard,Hezekiah,,CT,,yes
Morgan,Theophilus,,CT,,yes
Lane,Hezekiah,,CT,,yes
Hart,William,,CT,,yes
Shipman,Samuel,,CT,,yes
West,Jeremiah,,CT,,yes
Chapman,Samuel,,CT,,yes
Warner,Ichabod,,CT,,yes
Carver,Samuel,,CT,,yes
Ripley,Jeremiah,,CT,,yes
Root,Ephraim,,CT,,yes
Phelps,John,,CT,,yes
Foot,Isaac,,CT,,yes
Sessions,Abijah,,CT,,yes
Holt,Caleb,,CT,,yes
Crocker,Seth,,CT,,yes
Perkins,Daniel,,CT,,no
Holcomb,Hezekiah,,CT,,no
King,Alexander,,CT,,no
Todd,David,,CT,,no
Phelps,Noah,,CT,,no
Humphry,Daniel,,CT,,no
Gold,William ,,CT,,no
Hoadly,Timothy,,CT,,no
Brooks,David,,CT,,no
Wadsworth,James,,CT,,no
Hall,Daniel,,CT,,no
Davenport,Samuel,,CT,,no
Ward,Andrew,,CT,,no
Elliot,John,,CT,,no
Bassett,Daniel,,CT,,no
Hall,Street,,CT,,no
Whiting,Samuel,,CT,,no
Osborn,Samuel,,CT,,no
Newton,Samuel,,CT,,no
Carpenter,Ephraim,,CT,,no
Southworth,Constant,,CT,,no
Atwood,Nathaniel,,CT,,no
Randall,Jonathan,,CT,,no
Cotton,Simon,,CT,,no
Pain,Stephen,,CT,,no
Perrin,Timothy,,CT,,no
Wilder,Joseph,,CT,,no
Patterson,Matthew,,CT,,no
Wilson,Abner,,CT,,no
Goodman,Thomas,,CT,,no
Humphry,Asahel,,CT,,no
Humphry,Hosea,,CT,,no
Coleman,Josiah,,CT,,no
Gillet,Jonathan,,CT,,no
Enos,Eliphalet,,CT,,no
Nash,Ebenezer,,CT,,no
Ingham,Daniel,,CT,,no
Marvin,Elihu,,CT,,no
Pomeroy,Joshua,,CT,,no
Pease,Abiel,,CT,,no
Barnes,Richard,,MD,Saint Mary's County,yes
Chilton,Charles,,MD,Saint Mary's County,yes
Sewall,Nicholas Lewis,,MD,Saint Mary's County,yes
Tilghman,William,,MD,Kent County,yes
Yates,Donaldson,,MD,Kent County,yes
Perkins,Isaac,,MD,Kent County,yes
Granger,William,,MD,Kent County,yes
Wilkinson,Joseph,,MD,Calvert County,yes
Grahame,Charles,,MD,Calvert County,yes
"Chesley, Jun.",John,,MD,Calvert County,yes
Smith,Walter,,MD,Calvert County,yes
Brown,Gustavus Richard,,MD,Charles County,yes
Plater,George,President,MD,Saint Mary's County,yes
Sulivane,Daniel,,MD,Dorchester County,yes
Shaw,James,,MD,Dorchester County,yes
Gilpin,Joseph,,MD,Cecil County,yes
Hollingsworth,Henry,,MD,Cecil County,yes
Heron,James Gordon,,MD,Cecil County,yes
Evans,Samuel,,MD,Cecil County,yes
Bowie,Fielder,,MD,Prince George's County,yes
Sprigg,Osborn,,MD,Prince George's County,yes
Hall,Benjamin,,MD,Prince George's County,yes
Digges,George,,MD,Prince George's County,yes
Carroll,Nicholas,,MD,City of Annapolis,yes
Parnham,John,,MD,Charles County,yes
Turner,Zephaniah,,MD,Charles County,yes
Stone,Michael Jenifer,,MD,Charles County,yes
"Goldsborough, Jun.",Robert,,MD,Talbot County,yes
Lloyd,Edward,,MD,Talbot County,yes
Stevens,John,,MD,Talbot County,yes
Gale,George,,MD,Somerset County,yes
Waggaman,Henry,,MD,Somerset County,yes
Stewart,John,,MD,Somerset County,yes
Gale,John,,MD,Somerset County,yes
Hammond,Nicholas,,MD,Dorchester County,yes
Faw,Abraham,,MD,Frederick County,yes
Paca,William,,MD,Harford County,yes
Richardson,William,,MD,Caroline County,yes
Richardson,Joseph,,MD,Caroline County,yes
Driver,Matthew,,MD,Caroline County,yes
Edmondson,Peter,,MD,Caroline County,yes
McHenry,James,,MD,Baltimore Town,yes
Coulter,John,,MD,Baltimore Town,yes
Hanson,Alexander Conlee,,MD,City of Annapolis,yes
Tilghman,James,,MD,Queen Ann's County,yes
Seney,John,,MD,Queen Ann's County,yes
Hollyday,James,,MD,Queen Ann's County,yes
Hemsley,William,,MD,Queen Ann's County,yes
Chaille,Peter,,MD,Worchester County,yes
Martin,James,,MD,Worchester County,yes
Morris,William,,MD,Worchester County,yes
Done,John,,MD,Worchester County,yes
Johnson,Thomas,,MD,Frederick County,yes
Lee,Thomas Sim,,MD,Frederick County,yes
Potts,Richard,,MD,Frederick County,yes
Sprigg,Thomas,,MD,Washington County,yes
Stull,John,,MD,Washington County,yes
Rawlings,Moses,,MD,Washington County,yes
Shryock,Henry,,MD,Washington County,yes
Cramphin,Thomas,,MD,Montgomery County,yes
Thomas,Richard,,MD,Montgomery County,yes
"Deakins, Jun.",William,,MD,Montgomery County,yes
Edwards,Benjamin,,MD,Montgomery County,yes
Harwood,William,Clerk,MD,,did not vote
Chase,Jeremiah Townley,,MD,Ann Arundel County,no
Chase,Samuel,,MD,Ann Arundel County,no
Mercer,John Francis,,MD,Ann Arundel County,no
Harrison,Benjamin,,MD,Ann Arundel County,no
Ridgely,Charles,,MD,Baltimore County,no
Ridgely,Charles,son of William,MD,Baltimore County,no
Cockey,Edward,,MD,Baltimore County,no
Cromwell,Nathan,,MD,Baltimore County,no
Love,John,,MD,Harford County,no
Pinkney,William,,MD,Harford County,no
Martin,Luther,,MD,Harford County,no
Goldsborough,Robert,,MD,Dorchester County,Did not vote
Curtis,Edmund,,VA,,no
Parker,George,,VA,,yes
Nicolas,George,,VA,,yes
Nicolas,Wilson Cary,,VA,,yes
Pride,John,,VA,,no
Booker,Edmund,,VA,,no
Cabell,William,,VA,,no
Cabell,Samuel Jordan,,VA,,no
Johnston,Zachariah,,VA,,yes
Stuart,Archibald,,VA,,yes
Trigg,John,,VA,,no
Clay,Charles,,VA,,no
Darke,William,,VA,,yes
Stephen,Adam,,VA,,yes
Fleming,William,,VA,,yes
McFerran,Martin,,VA,,yes
Lee,Henry,,VA,Bourbon,no
Conn,Notley,,VA,,Did not vote
Jones,John,,VA,,no
Jones,Binns,,VA,,no
Patteson,Charles,,VA,,no
Bell,David,,VA,,no
Alexander,Robert,,VA,,no
Winston,Edmund,,VA,,no
Pendleton,Edmund,Honorable,VA,,yes
Taylor,James,,VA,,yes
Read,Thomas,,VA,Charlotte,no
Carrington,Paul,Honorable,VA,Charlotte,yes
Harrison V,Benjamin,,VA,Charles City,no
"Tyler, Sr.",John,Honorable,VA,Charles City,no
Patteson,David,,VA,Chesterfield,yes
"Pankey, Jun.",Stephen,,VA,Chesterfield,no
Michaux,Joseph,,VA,Cumberland,no
Drew,Thomas,,VA,Cumberland,no
Strother,French,,VA,Culpeper,no
Early,Joel,,VA,Culpeper,no
Jones,Joseph,,VA,Dinwiddie,no
Watkins,William,,VA,Dinwiddie,no
King,Miles,,VA,Elizabeth City,yes
Westwood,Worllich,,VA,Elizabeth City,yes
Upshaw,James,,VA,Essex,no
Smith,Meriwether,,VA,Essex,no
Stuart,David,,VA,Fairfax,yes
Simms,Charles,,VA,Fairfax,yes
Marshall,Humphrey,,VA,Fayette,yes
Fowler,John,,VA,Fayette,no
Pickett,Martin,,VA,Fauquier,yes
Brooke,Humphrey,,VA,Fauquier,yes
Richardson,Samuel ,,VA,Fluvanna,no
Haden,Joseph,,VA,Fluvanna,no
Woodcock,John Sheaman,,VA,Frederick,yes
White,Alexander,,VA,Frederick,yes
Early,John,,VA,Franklin,no
Arthur,Thomas,,VA,Franklin,no
Lewis,Warner,,VA,Gloucester,yes
Smith,Thomas,,VA,Gloucester,yes
Guerrant,John,,VA,Goochland,no
Sampson,William,,VA,Goochland,no
Clendenin,George,,VA,Greenbrier,yes
Stuart,John,,VA,Greenbrier,yes
Mason,William,,VA,Greensville,yes
Fisher,Daniel,,VA,Greensville,yes
Coles,Isaac,,VA,Halifax,no
Carrington,George,,VA,Halifax,no
Woodrow,Andrew,,VA,Hampshire,yes
Humphreys,Ralph,,VA,Hampshire,yes
Goodall,Parke,,VA,Hanover,no
Littlepage,John Carter,,VA,Hanover,no
Vanmeter,Isaac,,VA,Hardy,yes
Seymour,Abel,,VA,Hardy,yes
Jackson,George,,VA,Harrison,yes
Prunty,John,,VA,Harrison,yes
Randolph,Edmund,Governor,VA,Henrico,yes
Marshall,John,,VA,Henrico,yes
Cooper,Thomas,,VA,Henry,no
Marr,John,,VA,Henry,no
Pierce,Thomas,,VA,Isle of Wight,did not vote
Johnson,James,,VA,Isle of Wight,yes
Burwell,Nathaniel,,VA,James City,yes
Andrews,Robert,,VA,James City,yes
Breckenridge,Robert,,VA,Jefferson,yes
Bullock,Rice,,VA,Jefferson,yes
Fleet,William,,VA,King and Queen,yes
Roane,John,,VA,King and Queen,did not vote
Ashton,Burdet,,VA,King George,yes
Thornton,William,,VA,King George,yes
Richeson,Holt,,VA,King William,no
Temple,Benjamin,,VA,King William,no
Gordon,James,,VA,Lancaster,yes
Towles,Henry,,VA,Lancaster,yes
Mason,Stevens Thomson,,VA,Loudoun,no
Powell,Levin,,VA,Loudoun,yes
Callis,William Overton,,VA,Louisa,yes
White,William,,VA,Louisa,no
Patteson,Jonathan,,VA,Lunenberg,no
Robertson,Christopher,,VA,Lunenberg,no
Logan,John,,VA,Lincoln,no
Pawling,Pawling,,VA,Lincoln,no
Miller,John,,VA,Madison,no
Clay,Green,,VA,Madison,no
"Hopkins, Jun.",Samuel,,VA,Mecklenberg,no
Kennon,Richard,,VA,Mecklenberg,no
Allen,Thomas,,VA,Mercer,no
Robertson,Alexander,,VA,Mercer,no
"Wormley, Jr. ",Ralph,,VA,Middlesex,yes
Corbin,Francis,,VA,Middlesex,yes
Evans,John,,VA,Monongalia,no
McClerry,William,,VA,Monongalia,yes
Crockett,Walter,,VA,Montgomery,no
Trigg,Abraham,,VA,Montgomery,no
Riddick,Willis,,VA,Nansemond,yes
Shepherd,Solomon,,VA,Nansemond,yes
Clayton,William,,VA,New Kent,yes
Bassett,Burwell,,VA,New Kent,yes
Walton,Matthew,,VA,Nelson,no
Steele,John,,VA,Nelson,no
Webb,James,,VA,Norfolk,yes
Taylor,James,,VA,Norfolk,yes
Stringer,John,,VA,Northhampton,yes
Eyre,Littleton,,VA,Northhampton,yes
Jones,Walter,,VA,Northumberland,yes
Gaskins,Thomas,,VA,Northumberland,yes
Woods,Archibald,,VA,Ohio,yes
Zane,Ebenezer,,VA,Ohio,yes
"Madison, Jun.",James,,VA,Orange,yes
Gordon,James,,VA,Orange,yes
Williams,Robert,,VA,Pittsylvania,no
Wilson,John,,VA,Pittsylvania,no
Ronald,William Ronald,,VA,Powhatan,yes
"Turpin, Jun.",Thomas,,VA,Powhatan,no
Henry,Patrick,,VA,Prince Edward,no
Lawson,Robert,,VA,Prince Edward,no
Bland,Theodorick,,VA,Prince George,no
Ruffin,Edmund,,VA,Prince George,no
Grayson,William,,VA,Prince William,no
Bullitt,Cuthbert,,VA,Prince William,no
Walke,Anthony,,VA,Princess Anne,yes
Walke,Thomas,,VA,Princess Anne,yes
Wilson,Benjamin,,VA,Randolph,yes
Wilson,John,,VA,Randolph,yes
Tomlin,Walker,,VA,Richmond,yes
Peachy,William,,VA,Richmond,yes
McKee,William,,VA,Rockbridge,yes
Moore,Andrew,,VA,Rockbridge,yes
Lewis,Thomas,,VA,Rockingham,yes
Jones,Gabriel,,VA,Rockingham,yes
Carter,Thomas,,VA,Russell,No
Dickenson,Henry,,VA,Russell,No
Rinker,Jacob,,VA,Shenandoah,yes
Williams,John,,VA,Shenandoah,yes
Blout,Benjamin,,VA,Southhampton,yes
Killo,Samuel,,VA,Southhampton,yes
Monroe,James,,VA,Spotsylvania,no
Dawson,John,,VA,Spotsylvania,no
Mason,George,,VA,Stafford,no
Buchanan,Andrew,,VA,Stafford,no
Cocke,John Hartwell,,VA,Surry,yes
Allen,John ,,VA,Surry,yes
Briggs,John Howell,,VA,Sussex,no
Edmunds,Thomas,,VA,Sussex,no
Digges,Cole,,VA,Warwick,yes
Cary,Richard,Honorable,VA,Warwick,no
Edmison,Samuel,,VA,Washington,no
Montgomery,James,,VA,Washington,no
Lee III,Henry,,VA,Westmoreland,yes
Washington,Bushrod,,VA,Westmoreland,yes
"Blair, Jun.",John,,VA,York,yes
Wythe,George,,VA,York,yes
Innes,James,,VA,Williamsburg,yes
Matthews,Thomas,,VA,Norfolk Borough,yes
"Lansing, Jun. ",John,,NY,Albany,no
Oothoudt,Henry,,NY,Albany,no
Swart,Dirck,,NY,Albany,did not vote
Ten Eyck,Anthony,,NY,Albany,did not vote
Thompson,Israel,,NY,Albany,no
Vrooman,Peter,,NY,Albany,did not vote
Yates,Robert,,NY,Albany,no
Adgate,Matthew,,NY,Columbia,no
Bay,John,,NY,Columbia,no
Van Ness,Peter,,NY,Columbia,no
Akin,Jonathan,,NY,Dutchess,no
DeWitt,John,,NY,Dutchess,yes
Livingston,Gilbert,,NY,Dutchess,yes
Platt,Zephaniah,,NY,Dutchess,yes
Smith,Melancton,,NY,Dutchess,yes
Swartwout,Jacobus,,NY,Dutchess,no
Thompson,Ezra,,NY,Dutchess,did not vote
Lefferts,Peter,,NY,Kings,yes
Vandevoort,Peter,,NY,Kings,yes
Frey,John,,NY,Montgomery,no
Harper,William,,NY,Montgomery,no
Stauring,Henry,,NY,Montgomery,no
Veeder,Volkert,,NY,Montgomery,no
Winn,John,,NY,Montgomery,no
Yates,Christopher P. ,,NY,Montgomery,did not vote
Duane,James,,NY,New York,yes
Hamilton,Alexander,,NY,New York,yes
Harison,Richard,,NY,New York,yes
Hobart,John Sloss,,NY,New York,yes
Jay,John,,NY,New York,yes
Livingston,Robert R.,,NY,New York,yes
Low,Nicholas,,NY,New York,yes
Morris,Richard,,NY,New York,did not vote
Roosevelt,Isaac,,NY,New York,yes
Haring,John,,NY,Orange,no
Wisner,Henry,,NY,Orange,no
Wood,John,,NY,Orange,no
Woodhull,Jesse,,NY,Orange,yes
Carman,Stephen,,NY,Queens,yes
Jones,Samuel,,NY,Queens,yes
Lawrence,Nathaniel,,NY,Queens,yes
Schenck,John,,NY,Queens,yes
Bancker,Abraham,,NY,Richmond,yes
Ryerss,Gozen,,NY,Richmond,yes
Havens,Jonathan Nicoll,,NY,Suffolk,yes
Hedges,David,,NY,Suffolk,did not vote
Scudder,Henry,,NY,Suffolk,yes
Smith,John,,NY,Suffolk,yes
Tredwell,Thomas,,NY,Suffolk,no
Cantine,John,,NY,Ulster,no
Clark,Ebenezer,,NY,Ulster,no
Clinton,George,,NY,Ulster,did not vote
Clinton,James,,NY,Ulster,no
Schoonmaker,Cornelius C.,,NY,Ulster,no
Wynkoop,Dirck,,NY,Ulster,no
Baker,Albert,,NY,Washington and Clinton,no
Hopkins,David,,NY,Washington and Clinton,no
Parker,Ichabod,,NY,Washington and Clinton,no
Williams,John,,NY,Washington and Clinton,no
Crane,Thaddeus,,NY,Westchester,yes
Hatfield,Richard,,NY,Westchester,yes
Livingston,Philip,,NY,Westchester,yes
Morris,Lewis,,NY,Westchester,yes
Sarls,Lott W.,,NY,Westchester,yes
Van Cortlandt,Philip,,NY,Westchester,yes
Muhlenberg,Frederick A.,President,PA,,yes
Latimer,George,,PA,,yes
Rush,Benjamin,,PA,,yes
Baker,Hilary,,PA,,yes
Wilson,James,,PA,,yes
M'Kean,Thomas,,PA,,yes
Macpherson,To.,,PA,,yes
Hunn,John,,PA,,yes
Gray,George,,PA,,yes
Ashmead,Samuel,,PA,,yes
Edwards,Enoch,,PA,,yes
Wynkoop,Henry,,PA,,yes
Barclay,John,,PA,,yes
Yardley,Thomas,,PA,,yes
Stout,Abraham,,PA,,yes
Bull,Thomas,,PA,,yes
Wayne,Anthony,,PA,,yes
Gibbons,William,,PA,,yes
Downing,Richard,,PA,,yes
Cheney,Thomas,,PA,,yes
Hannum,John,,PA,,yes
Chambers,Stephen,,PA,,yes
Coleman,Robert,,PA,,yes
Graff,Sebastian,,PA,,yes
Hubley,John,,PA,,yes
Yeates,Jasper,,PA,,yes
Slagle,Henry,,PA,,yes
Campbell,Thomas,,PA,,yes
Hartley,Thomas,,PA,,yes
Grier,David,,PA,,yes
Black,John,,PA,,yes
Pedan,Benjamin,,PA,,yes
Arndt,John,,PA,,yes
Balliott,Stephen,,PA,,yes
Horsefield,Joseph,,PA,,yes
Deshler,David,,PA,,yes
Wilson,William,,PA,,yes
Boyd,John,,PA,,yes
Scott,Thomas,,PA,,yes
Nevill,John,,PA,,yes
Roberts,Jonathan,,PA,,yes
Richards,John,,PA,,yes
Morris,James,,PA,,yes
Pickering,Timothy,,PA,,yes
Elliott,Benjamin,,PA,,yes
Allison,John,,PA,,yes
Campbell,James,Secretary,PA,,did not vote
Whitehill,John,,PA,,no
Harris,John,,PA,,no
Reynolds,John,,PA,,no
Whitehill,Robert,,PA,,no
Hoge,Jonathan,,PA,,no
Lutz,Nicholas,,PA,,no
Ludwig,John,,PA,,no
Lincoln,Abraham,,PA,,no
Bishop,John,,PA,,no
Heister,Joseph,,PA,,no
Martin,James,,PA,,no
Powell,Joseph,,PA,,no
Findley,William ,,PA,,no
Baird,John,,PA,,no
Todd,William,,PA,,no
Marshall,James,,PA,,no
Edgar,James,,PA,,no
Breading,Nicholas,,PA,,no
Smilie,John,,PA,,no
Bard,Richardson,,PA,,no
Brown,William,,PA,,no
Orth,Adam,,PA,,no
Hanna,John Andre,,PA,,no
Hancock,John,,MA,Boston,yes
Bowdoin,James,,MA,Boston,yes
Adams,Samuel,,MA,Boston,yes
Phillips,William,,MA,Boston,yes
Davis,Caleb,,MA,Boston,yes
Jarvis,Charles,,MA,Boston,yes
Jones,John Coffin,,MA,Boston,yes
Winthrop,John,,MA,Boston,yes
Dawes,Thomas,,MA,Boston,yes
Stillman,Samuel,,MA,Boston,yes
Russel,Thomas,,MA,Boston,yes
Gore,Christopher,,MA,Boston,yes
Heath,William,,MA,Roxbury,yes
Sumner,Increase,,MA,Roxbury,yes
Bowdoin,James,,MA,Dorchester,yes
Wales,Ebenezer,,MA,Dorchester,yes
Robbins,Nathaniel,,MA,Milton,yes
Tufts,Cotton,,MA,Weymouth,yes
Lincoln,Benjamin,,MA,Hingham,yes
Shute,Daniel,,MA,Hingham,yes
Cranch,Richard,,MA,Braintree,yes
Wibird,Anthony,,MA,Braintree,yes
Jackson,Joseph,,MA,Brookline,yes
Thacher,Thomas,,MA,Dedham,yes
Ames,Fisher,,MA,Dedham,yes
M'Intosh,William,,MA,Needham,yes
Baxter,John,,MA,Medfield,yes
Dunbar,Elijah,,MA,Stoughton,yes
Southworth,Jedediah,,MA,Stoughton,no
Man,Thomas,,MA,Wrentham,yes
Comstock,Nathan,,MA,Wrentham,yes
Payson,George,,MA,Walpole,yes
Randall,Benjamin,,MA,Sharon,no
Fisher,J.,,MA,Franklin,yes
Richardson,M.,,MA,Medway,no
Alden,Noah,,MA,Bellingham,no
Payson,Phillips,,MA,Chelsea,yes
Warren,Ebenezer,,MA,Foxboro,yes
Jones,Thomas,,MA,Hull,yes
Manning,Richard,,MA,Salem,yes
Pulling,Edward,,MA,Salem,yes
Gray Jun.,William,,MA,Salem,yes
Cabot,Francis,,MA,Salem,yes
Hutchinson,Is.,,MA,Danvers,no
Dalton,Tristam,,MA,Newbury,yes
Sawyer,Enos,,MA,Newbury,yes
March,E.,,MA,Newbury,yes
King,Rufus,,MA,Newburyport,yes
Greenleaf,Benjamin,,MA,Newburyport,yes
Parsons,Theophilus,,MA,Newburyport,yes
Titcomb,Jonathan,,MA,Newburyport,yes
Cabot,G.,,MA,Beverly,yes
Wood,Joseph,,MA,Beverly,yes
Thorndike,Israel,,MA,Beverly,yes
Farley,Michael,,MA,Ipswich,yes
Choate,J.,,MA,Ipswich,yes
Noyes,Daniel,,MA,Ipswich,yes
Cogswell,Jonathan,,MA,Ipswich,yes
Mansfield,Isaac,,MA,Marblehead,yes
Glover,J.,,MA,Marblehead,yes
Orne,Azor,,MA,Marblehead,yes
Glover,John,,MA,Marblehead,yes
Rodgers,Daniel,,MA,Gloucester,yes
Low,John,,MA,Gloucester,yes
Pearson,W.,,MA,Gloucester,yes
Carnes,J.,,MA,Lynn and Lynnfield,yes
Burnham,John,,MA,Lynn and Lynnfield,yes
Osgood,Peter,,MA,Andover,no
Kittridge,Thomas,,MA,Andover,no
Symmes,William,,MA,Andover,yes
Mighill,Thomas,,MA,Rowley,no
Bartlett,Bailey,,MA,Haverhill,yes
Marsh,Nathaniel,,MA,Haverhill,yes
Clark,Israel,,MA,Topsfield,yes
Nyre,Samuel,,MA,Salisbury,yes
Jackman,Enoch,,MA,Salisbury,yes
Lurvey,Benjamin,,MA,Amesbury,yes
Patten,Willis,,MA,Amesbury,yes
Wood,Aaron,,MA,Boxford,no
Thruston,Daniel,,MA,Bradford,yes
Carlton,E.,,MA,Methuen,no
Herrick,Jacob,,MA,Wenham,yes
Miller,Simeon,,MA,Manchester,yes
Dana,Francis,,MA,Cambridge,yes
Dana,Stephen,,MA,Cambridge,yes
Gorham,N.,,MA,Charlestown,yes
Spring,Marshal,,MA,Watertown,no
Winn,Timothy,,MA,Woburn,no
Hosmer,Joseph,,MA,Concord,yes
Fuller,A.,,MA,Newtown,yes
Flint,William,,MA,Reading,no
Emerson,Peter,,MA,Reading,no
Morse,Jonas,,MA,Marlborough,no
Sawin,Benjamin,,MA,Marlborough,no
Thompson,William,,MA,Billerica,no
Buckminster,L.,,MA,Framingham,yes
Browne,Benjamin,,MA,Lerington,yes
Minot,John,,MA,Chelmsford,no
Whitney,Daniel,,MA,Sherburne,yes
Wheeler,Asahel,,MA,Sudbury,yes
Blaney,Benjamin,,MA,Malden,yes
Bigelow,Abraham,,MA,Weston,yes
Brooks,John,,MA,Medford,yes
Dench,Gilbert,,MA,Hopkinton,yes
Keep,Jonathan,,MA,Westford,no
Whitman,Charles,,MA,Stow,yes
Morse,Benjamin,,MA,Groton,no
Sheple,Joseph,,MA,Groton,no
Sawtell,Obadiah,,MA,Shirley,no
Fisk,Daniel,,MA,Pepperell,no
Williams,Leonard,,MA,Waltham,yes
Adams,Daniel,,MA,Townsend,no
Varnum,Joseph B.,,MA,Dracut,yes
Webber,John,,MA,Bedford,no
Chamberlain,St.,,MA,Holliston,no
Parlin,A.,,MA,Acton and Carlisle,no
Pitts,J.,,MA,Dunstable,yes
Brooks,E.,,MA,Lincoln,yes
Harnden,J.,,MA,Wilmington,no
Scarlet,Newman,,MA,Tewksbury,no
Reed,Samuel,,MA,Littleton,no
Adams,Benjamin,,MA,Ashby,no
Broad,Hezekiah,,MA,Natick,no
Green,Jonathan,,MA,Stoneham,no
Gleason,Phi.,,MA,East Sudbury,no
Pynchon,William,,MA,Springfield,yes
Ely,Benjamin,,MA,West Springfield,no
Williston,John,,MA,West Springfield,no
Stebbins,Phin.,,MA,Wilbraham,no
Strong,Caleb,,MA,Northampton and Easthampton,yes
Sheldon,Benjamin,,MA,Northampton and Easthampton,yes
Pomeroy,L.,,MA,Southampton,yes
Porter,Elisha,,MA,Hadley,yes
Goodman,N.,,MA,South Hadley,yes
Cooly,Daniel,,MA,Amherst,no
Eastman,Benjamin,,MA,Granby,no
Hastings,J.,,MA,Hatfield,yes
Allis,Josiah,,MA,Whately,no
Bodman,W.,,MA,Williamsburg,no
Ingersoll,John,,MA,Westfield,yes
Field,Samuel,,MA,Deerfield,no
Bascum,Moses,,MA,Greenfield,no
Wilson,Robert,,MA,Shelburne,no
Arms,Consider,,MA,Conway,no
Maynard,Malachi,,MA,Conway,no
Crocker,Z.,,MA,Sunderland,no
Severance,M.,,MA,Montague,no
James,Ebenezer,,MA,Northfield,yes
Morgan,Abner,,MA,Brimfield,yes
Fisk,A.,,MA,South Brimfield,no
Merrick,Phineas,,MA,Monson,no
Clark,Adam,,MA,Pelham,no
Whitcomb,N.,,MA,Greenwich,no
Blair,Timothy,,MA,Blandford,no
Merrick,Aaron,,MA,Palmer,no
Hamilton,John,,MA,Granville,no
Cooley,Clark,,MA,Granville,no
Chamberlin,J.,,MA,New Salem,no
Dwight,Justus,,MA,Belchertown,no
Eddy,Samuel,,MA,Coleraine,no
Pepper,Isaac,,MA,Ware,no
Goldsborough,John,,MA,Warwick and Orange,no
Shepard,David,,MA,Chester,yes
Reed,Jesse,,MA,Charlemont,yes
Williams,Ephraim,,MA,Ashfield,no
Eager,Nahum,,MA,Worthington,yes
Powers,Asa,,MA,Shutesbury,no
Bonney,Benj.,,MA,Chesterfield,yes
Fowler,Silas,,MA,Southwick,no
Doglass,T.J.,,MA,Northwick,yes
Jennings,John,,MA,Ludlow,no
Hubbard,Jonathan,,MA,Leverett,no
Fisher,A.,,MA,West Hampton,yes
Lazell,Edmund,,MA,Cunningham and Plainfield,yes
Maxwell,T.,,MA,Buckland,yes
Colton,E.,,MA,Long Meadows,yes
Thomas,Joshua,,MA,Plymouth,yes
Davis,Thomas,,MA,Plymouth,yes
Davis,John,,MA,Plymouth,yes
Cushing,William,,MA,Scituate,yes
Cushing,Nathan,,MA,Scituate,yes
Turner,Charles,,MA,Scituate,yes
Shaw,William,,MA,Marshfield,yes
Howard,D.,,MA,Bridgewater,yes
Hooper,Hezekiah,,MA,Bridgewater,yes
Mitchell,Elisha,,MA,Bridgewater,yes
Howard,Daniel,,MA,Bridgewater,yes
Backus,Isaac,,MA,Middleboro,yes
Thomas,Benjamin,,MA,Middleboro,no
Thompson,Isaac,,MA,Middleboro,yes
Soule,Isaac,,MA,Middleboro,no
Partridge,G.,,MA,Duxbury,yes
Hammond,N.,,MA,Rochester,no
Holmes,Abraham,,MA,Rochester,no
Shurtliff,F.,,MA,Plympton,no
Bisbee,Elisha,,MA,Plympton,no
Turner,John,,MA,Pembroke,yes
Smith,Josiah,,MA,Pembroke,yes
Sever,W.,,MA,Kingston,yes
Cushing,Joseph,,MA,Hanover,yes
Niles,Samuel,,MA,Abington,yes
Waterman,F.,,MA,Halifax,yes
Fearing,Israel,,MA,Wareham,yes
Browne,Shear.,,MA,Barnstable,yes
Smith,Thomas,,MA,Sandwich,no
Nye,Thomas,,MA,Sandwich,no
Thatcher,D.,,MA,Yarmouth,yes
Howes,Jonathan,,MA,Yarmouth,yes
Freeman,Solomon,,MA,Harwich,yes
Clark,Kimball,,MA,Harwich,yes
Whitman,Levi,,MA,Wellfleet,yes
Palmer,Joseph,,MA,Falmouth,yes
Williams,James,,MA,Taunton,no
Leonard,Nathaniel,,MA,Taunton,yes
Pratt,Aaron,,MA,Taunton,no
Bishop,Phan.,,MA,Rehoboth,no
Brown,Frederick,,MA,Rehoboth,no
Windsor,William,,MA,Rehoboth,no
Mason,Christopher,,MA,Swansey,no
Brown,David,,MA,Swansey,no
Slocum,Hol'r,,MA,Dartmouth,no
Hathaway,Melatiah,,MA,Dartmouth,no
White,Abraham,,MA,Norton,no
May,Elisha,,MA,Attleboro,yes
Wilmarth,Moses,,MA,Attleboro,yes
Richmond,Sylvester,,MA,Dighton,yes
Baylies,William,,MA,Dighton,yes
Durfee,Thomas,,MA,Freetown,yes
Washburn,Israel,,MA,Freetown,yes
Tisdell,Eben,,MA,Easton,no
Pratt,John,,MA,Mansfield,no
Spooner,W.,,MA,New Bedford,yes
West,Samuel,,MA,New Bedford,yes
Almy,William,,MA,Westport,yes
Preble,Esaias,,MA,York,no
Barrell,Nathaniel,,MA,York,no
Adams,Mark,,MA,Kittery,no
Neal,James,,MA,Kittery,no
Hemmenway,Mr.,,MA,Wells,yes
Wells,Nathaniel,,MA,Wells,yes
Low,Nathaniel,,MA,Berwick,no
Cutts,Richard F.,,MA,Berwick,no
Hays,Elijah,,MA,Berwick,no
Cutts,T.,,MA,Pepperelboro,yes
Wentworth,T.M.,,MA,Lebanon,no
Nason,Samuel,,MA,Sanford,no
Bradbury,Jacob,,MA,Buxton,yes
Ames,Moses,,MA,Fryeburg,no
Low,John,,MA,Coxhall,yes
Emery,Jeremiah,,MA,Shapleigh,no
Tingley,Pel.,,MA,Waterboro,no
Mayhew,William,,MA,Edgartown,yes
Dunham,C.,,MA,Tisbury,yes
Bigelow,David,,MA,Worcester,no
Sprague,John,,MA,Lancaster,yes
Thompson,Ed.,,MA,Mendon,no
Forbes,Daniel,,MA,Brookfield,no
Jenks,N.,,MA,Brookfield,no
Learned,Jeremiah,,MA,Oxford,no
Curtiss,Caleb,,MA,Charlton,no
M'Intier,Ezra,,MA,Charlton,no
Harwood,David,,MA,Sutton,no
Singletary,Amos,,MA,Sutton,no
Denny,Samuel,,MA,Leicester,no
Hathun,James,,MA,Spencer,no
Sherman,Asaph,,MA,Rutland,no
Smith,Abraham,,MA,Paxton,no
Bullard,Jonathan,,MA,Oakham,no
Black,John,,MA,Barre,no
Woods,J.,,MA,Hubbardston,no
Joslyn,B.,,MA,New Braintree,no
Newton,Seth,,MA,Southboro,yes
Maynard,S.,,MA,Westboro,no
Brigham,Art.,,MA,Northboro,no
Harrington,I.,,MA,Shrewsbury,no
Fuller,John,,MA,Lunenburg,no
Putman,Daniel,,MA,Fitchburg,no
Willard,Samuel,,MA,Uxbridge,no
Whitney,Joshua,,MA,Harvard,no
Day,Jonathan,,MA,Dudley,no
Baker,Samuel,,MA,Bolton,yes
Baker,T.M.,,MA,Upton,no
Parker,Timothy,,MA,Sturbridge,no
Wilder,D.,,MA,Leominster,yes
Kinsley,M.,,MA,Hardwick,no
Davi,Joseph,,MA,Holden,no
Patrick,Mat.,,MA,Western,yes
Taylor,John,,MA,Douglass,no
Wood,Joseph,,MA,Grafton,no
Grout,Jonathan,,MA,Petersham,no
Peckham,Samuel,,MA,Petersham,no
Frye,John,,MA,Royalston,no
Holden,Stephen,,MA,Westminster,no
Fletcher,J.,,MA,Templeton,no
Fuller,Timothy,,MA,Princeton,no
Willard,Jacob,,MA,Ashburnham,no
Hale,Moses,,MA,Winchendon,no
Wood,J.,,MA,Northbridge,no
Stone,Joseph,,MA,Ward,no
Goddard,Josiah,,MA,Athol,yes
Stearns,David,,MA,Milford,no
Wilder,Ephraim,,MA,Sterling,yes
Temple,Jonas,,MA,Boylston,no
Isley,Daniel,,MA,Falmouth,no
Smith,John K.,,MA,Falmouth,yes
 Fox,John,,MA,Portland,yes
M'Lellen,Joseph,,MA,Portland,yes
Mitchell,D.,,MA,North Yarmouth,yes
Merrill,Samuel,,MA,North Yarmouth,yes
Thompson,W.,,MA,Scarboro,yes
Dunlap,John,,MA,Brunswick,yes
Snow,Isaac,,MA,Harpswell,yes
Dyer,Joshua,,MA,Cape Elizabeth,yes
Longfellow,S.,,MA,Gorham,no
Widgery,,,MA,New Gloucester,no
Perley,Samuel,,MA,Gray,yes
Rice,Thomas,,MA,Pownalboro,yes
Sylvester,David,,MA,Pownalboro,yes
Wyman,N.,,MA,Georgetown,yes
Murray,David,,MA,Newcastle,no
Gilmore,David,,MA,Woolwich,yes
Thompson,S.,,MA,Topsham,no
Crosby,Jonah,,MA,Winslow,no
Beal,Zachary,,MA,Bowdoinham,no
M'Cobb,William,,MA,Boothbay,yes
Jones,William,,MA,Bristol,no
Grant,Samuel,,MA,Vassalboro,yes
Davis,Moses,,MA,Edgecomb,yes
Carr,James,,MA,Hallowell,no
Fayles,David,,MA,Thomaston,yes
Sewall,Dummer,,MA,Bath,yes
Bean,Joshua,,MA,Winthrop,no
Ashley,John,,MA,Sheffield and Mount Washington,yes
Dwight,E.,,MA,Great Barrington,yes
Sedgwick,T.,,MA,Stockbridge,yes
Rathburn,Val.,,MA,Pittsfield,no
Betts,Comstock,,MA,Richmond,no
Collins,Lemuel,,MA,Lenox,no
Smith,Jonathan,,MA,Lanesboro,no
Skinner,T.J.,,MA,Williamstown,yes
Pleroe,J.,,MA,Adams,no
Fitch,Ephraim,,MA,Egremont,no
Carpenter,Elisha,,MA,Becket,yes
Lusk,T.,,MA,West Stockbridge,no
Hulbert,John,,MA,Alford,no
Taylor,D.,,MA,New Marlborough,yes
Herrick,E.,,MA,Tyringham,no
Lawton,Joshua,,MA,Loudon,no
Mason,Timothy,,MA,Windsor,no
Peirce,,,MA,Partridgefield,no
Vaughan,David,,MA,Hancock,no
Bradley,Jesse,,MA,Lee,no
Noble,Zenas,,MA,Washington,no
Picket,J.,,MA,Sandisfield,no
Pinckney,Charles Cotesworth,,SC,"St. Philip and St. Michael, Charleston",yes
Gadsden,Christopher,,SC,"St. Philip and St. Michael, Charleston",yes
Rutledge,Edward,,SC,"St. Philip and St. Michael, Charleston",yes
Ramsay,David,,SC,"St. Philip and St. Michael, Charleston",yes
Heyward,Thomas,Hon Jun,SC,"St. Philip and St. Michael, Charleston",yes
Darrell,Edward,,SC,"St. Philip and St. Michael, Charleston",yes
Motte,Isaac,,SC,"St. Philip and St. Michael, Charleston",yes
Gadsden,Thomas,,SC,"St. Philip and St. Michael, Charleston",yes
Matthews,John,,SC,"St. Philip and St. Michael, Charleston",yes
Blake,Edward,,SC,"St. Philip and St. Michael, Charleston",yes
Bee,Thomas,,SC,"St. Philip and St. Michael, Charleston",yes
DeSaussure,Daniel,,SC,"St. Philip and St. Michael, Charleston",yes
Jones,Thomas,,SC,"St. Philip and St. Michael, Charleston",yes
Grimkie,John Faucheraud,,SC,"St. Philip and St. Michael, Charleston",yes
Johnson,William,,SC,"St. Philip and St. Michael, Charleston",yes
Pringle,John Julius,,SC,"St. Philip and St. Michael, Charleston",yes
Blake,John,,SC,"St. Philip and St. Michael, Charleston",yes
Stevens,Daniel,,SC,"St. Philip and St. Michael, Charleston",yes
Cannon,Daniel,,SC,"St. Philip and St. Michael, Charleston",yes
Toomer,Anthony,,SC,"St. Philip and St. Michael, Charleston",yes
Rutledge,Hugh,,SC,"St. Philip and St. Michael, Charleston",yes
Budd,John,,SC,"St. Philip and St. Michael, Charleston",yes
Kinloch,Francis,,SC,"St. Philip and St. Michael, Charleston",yes
Sommersall,William,,SC,"St. Philip and St. Michael, Charleston",yes
Kalteisen,Michael,,SC,"St. Philip and St. Michael, Charleston",yes
Lushington,Richard,,SC,"St. Philip and St. Michael, Charleston",yes
Russell,Nathaniel,,SC,"St. Philip and St. Michael, Charleston",yes
Smith,Josiah,,SC,"St. Philip and St. Michael, Charleston",yes
Morris,Lewis,,SC,"St. Philip and St. Michael, Charleston",yes
Lightwood,Edward,,SC,"St. Philip and St. Michael, Charleston",yes
Edwards,John,,SC,"St. Philip and St. Michael, Charleston",yes
Pinckney,Charles,,SC,Christ Church,yes
Rutledge,John,,SC,Christ Church,yes
Vanderhorst,Arnoldus,,SC,Christ Church,yes
Read,William,,SC,Christ Church,yes
Toomer,Joshua,,SC,Christ Church,yes
Laurens,Henry,,SC,"St. John, Berkley County",yes
Moultrie,William,,SC,"St. John, Berkley County",yes
Fayssoux,Peter,,SC,"St. John, Berkley County",no
Simons,Keating,,SC,"St. John, Berkley County",no
Laurens,Henry,,SC,"St. John, Berkley County",yes
Walter,Thomas,,SC,"St. John, Berkley County",no
Drayton,Glen,,SC,St. Andrews,yes
Hutson,Richard,,SC,St. Andrews,yes
Fuller,Thomas,,SC,St. Andrews,yes
Ladson,James,,SC,St. Andrews,yes
Izard,Ralph,Junior,SC,St. Andrews,yes
Drayton,Charles,,SC,St. Andrews,yes
Scott,William,,SC,St. Andrews,yes
Glaze,John,,SC,"St. George, Dorchester",yes
Waring,Morton,,SC,"St. George, Dorchester",yes
Waring,Thomas,,SC,"St. George, Dorchester",yes
Postell,John,,SC,"St. George, Dorchester",yes
Postell,William,,SC,"St. George, Dorchester",yes
Hutchinson,Matthias,,SC,"St. George, Dorchester",yes
Dawson,John,,SC,"St. George, Dorchester",yes
Izard,Ralph,Senior,SC,"St. James, Goose Creek",yes
Smith,Peter,,SC,"St. James, Goose Creek",yes
Smith,Benjamin,,SC,"St. James, Goose Creek",yes
Manigault,Gabriel,,SC,"St. James, Goose Creek",yes
Smith,William,,SC,"St. James, Goose Creek",yes
Parker,John,,SC,"St. James, Goose Creek",yes
Deas,John,,SC,"St. James, Goose Creek",yes
Huger,John,,SC,St. Thomas and St. Dennis,yes
Karwon,Thomas,,SC,St. Thomas and St. Dennis,yes
Screven,Thomas,,SC,St. Thomas and St. Dennis,yes
Daniel,Robert,,SC,St. Thomas and St. Dennis,yes
Forgartie,Lewis,,SC,St. Thomas and St. Dennis,yes
Harleston,Isaac,,SC,St. Thomas and St. Dennis,yes
Parker,Isaac,,SC,St. Thomas and St. Dennis,yes
Hamilton,Paul,,SC,St. Pauls' Parish,yes
Wilson,Jehu,,SC,St. Pauls' Parish,no
Garner,Melcher,,SC,St. Pauls' Parish,no
Haig,George,,SC,St. Pauls' Parish,yes
Slann,Joseph,,SC,St. Pauls' Parish,yes
Saunders,Roger Parker,,SC,St. Pauls' Parish,yes
Washington,William,,SC,St. Pauls' Parish,yes
Postell,Benjamin,,SC,St. Bartholomew,no
Snipes,William Clay,,SC,St. Bartholomew,no
Smith,Obrian,,SC,St. Bartholomew,no
Walter,Paul,,SC,St. Bartholomew,no
Lloyd,John,,SC,St. Bartholomew,yes
Croskeys,John,,SC,St. Bartholomew,yes
Bellinger,Edmond,,SC,St. Bartholomew,no
Barnwell,John,,SC,St. Helena,yes
Joyner,John,,SC,St. Helena,yes
Kean,John,,SC,St. Helena,yes
Wigg,William H,,SC,St. Helena,yes
Barnwell,Robert,,SC,St. Helena,yes
Elliot,William,,SC,St. Helena,yes
Stewart,James,,SC,St. Helena,yes
Dubose,Isaac,,SC,"St. James, Santee",yes
Miles,Lewis,,SC,"St. James, Santee",yes
Warren,Samuel,,SC,"St. James, Santee",yes
Withers,Richard,,SC,"St. James, Santee",yes
Mayrant,John,,SC,"St. James, Santee",yes
Bowman,John,,SC,"St. James, Santee",no
Horry,Thomas,,SC,"St. James, Santee",yes
Watles,Thomas,,SC,"Prince George, Winyah",yes
Smith,Samuel,,SC,"Prince George, Winyah",yes
Kinloch,Cleland,,SC,"Prince George, Winyah",yes
Allston,William,,SC,"Prince George, Winyah",yes
Allston,Thomas,,SC,All Saints,yes
Morrall,Daniel,,SC,All Saints,yes
Wilson,William,,SC,Prince Frederick,yes
Dollard,Patrick,,SC,Prince Frederick,no
Tweed,Alexander,,SC,Prince Frederick,yes
Frierson,William,,SC,Prince Frederick,yes
Reed,William,,SC,Prince Frederick,no
Pettigrew,James,,SC,Prince Frederick,yes
Burgess,John,,SC,Prince Frederick,no
Legare,Thomas,,SC,"St. John, Colleton County",yes
Muncreef,Richard,,SC,"St. John, Colleton County",yes
Jenkins,Daniel,,SC,"St. John, Colleton County",yes
Wilson,Hugh,,SC,"St. John, Colleton County",yes
Jenkins,Isaac,,SC,"St. John, Colleton County",yes
Mikell,Ephraim,,SC,"St. John, Colleton County",yes
Smelie,William,,SC,"St. John, Colleton County",yes
Fenwick,John,,SC,St. Peter,yes
Chisholm,John,,SC,St. Peter,no
Hartestone,Joachim,,SC,St. Peter,yes
Bourquin,John Lewis,,SC,St. Peter,no
Stafford,Seth,,SC,St. Peter,yes
Holcom,Henry,,SC,St. Peter,yes
Hutson,Thomas,,SC,Prince William,yes
McPherson,John,,SC,Prince William,yes
Maine,James,,SC,Prince William,yes
Cuthbert,John A.,,SC,Prince William,yes
Lightwood,John,,SC,Prince William,yes
Simmons,John,,SC,Prince William,yes
Deveaux,Stephen,,SC,Prince William,yes
Palmer,John,,SC,St. Stephen,yes
Maham,Hezekiah,,SC,St. Stephen,yes
Dubose,Samuel,,SC,St. Stephen,yes
Peyre,John,,SC,St. Stephen,yes
Sumter,Thomas,,SC,District Eastwd. of the Wateree,no
Baskins,Andrew,,SC,District Eastwd. of the Wateree,no
Lowry,John,,SC,District Eastwd. of the Wateree,no
Cudworth,Benjamin,,SC,District Eastwd. of the Wateree,no
Massey,William,,SC,District Eastwd. of the Wateree,no
Chesnut,John,,SC,District Eastwd. of the Wateree,yes
White,Hugh,,SC,District Eastwd. of the Wateree,no
Dunlap,Thomas,,SC,District Eastwd. of the Wateree,no
Dunlap,Samuel,,SC,District Eastwd. of the Wateree,no
Montgomery,John,,SC,District Eastwd. of the Wateree,no
Lincoln,James,,SC,District of Ninety Six,no
Jones,Adam Crain,,SC,District of Ninety Six,no
Hamilton,Andrew,,SC,District of Ninety Six,no
Harris,John,,SC,District of Ninety Six,yes
Martin,Edmond,,SC,District of Ninety Six,no
Calhoun,Joseph,,SC,District of Ninety Six,no
Butler,William,,SC,District of Ninety Six,no
Bowie,John,,SC,District of Ninety Six,no
Gervias,John Lewis,,SC,District of Ninety Six,no
Earle,Samuel,,SC,North Side of Saluda,yes
Allston,Lamuel James,,SC,North Side of Saluda,yes
Thomas,John,,SC,North Side of Saluda,yes
Miller,John,,SC,South Side of Saluda,yes
McCaleb,William,,SC,South Side of Saluda,yes
Hampton,Richard,,SC,District of Saxe-Gotha,no
Culpeper,John,,SC,District of Saxe-Gotha,no
Fitzpatrick,William,,SC,District of Saxe-Gotha,no
Threewits,Lewellin,,SC,District of Saxe-Gotha,no
Threewits,John,,SC,District of Saxe-Gotha,no
Hampton,Wade,,SC,District of Saxe-Gotha,no
Pendleton,Henry,,SC,District of Saxe-Gotha,yes
Burke,Edanus,,SC,Lower District between Broad and Saluda Rivers,no
Lindsey,John,,SC,Lower District between Broad and Saluda Rivers,no
Waters,Philemon,,SC,Lower District between Broad and Saluda Rivers,no
Rutherford,Robert,,SC,Lower District between Broad and Saluda Rivers,no
Hampton,John,,SC,Lower District between Broad and Saluda Rivers,no
Hunter,John,,SC,Little River District,yes
Saxon,Samuel,,SC,Little River District,no
Wadsworth,Thomas,,SC,Little River District,yes
Saxon,Joshua,,SC,Little River District,no
Kennedy,William,,SC,Upper or Spartan District,no
Jordan,James,,SC,Upper or Spartan District,no
Sims,Charles,,SC,Upper or Spartan District,no
Brandon,Thomas,,SC,Upper or Spartan District,no
Bulloch,Zachariah,,SC,Upper or Spartan District,no
Taylor,Thomas,,SC,District between Broad and Catawba Rivers Vizt Richard County,no
Meyer,William,,SC,District between Broad and Catawba Rivers Vizt Richard County,no
Howell,Thomas,,SC,District between Broad and Catawba Rivers Vizt Richard County,no
Craig,James,,SC,Fairfield County,no
Brown,Jacob,,SC,Fairfield County,no
Cook,John,,SC,Fairfield County,no
Grey,John,,SC,Fairfield County,no
Lacey,Edward,,SC,Chester County,no
Brown,Joseph,,SC,Chester County,no
Miles,William,,SC,Chester County,no
Knox,James,,SC,Chester County,no
Hill,William,,SC,District called the New Acqusistion,no
Patton,Robert,,SC,District called the New Acqusistion,no
Watson,Samuel,,SC,District called the New Acqusistion,no
Cummins,Francis,,SC,District called the New Acqusistion,yes
Martin,James,,SC,District called the New Acqusistion,no
Hunt,James G.,,SC,District called the New Acqusistion,no
Lowrey,Samuel,,SC,District called the New Acqusistion,no
Love,Andrew,,SC,District called the New Acqusistion,no
McGaw,John,,SC,District called the New Acqusistion,no
Meck,Adam,,SC,District called the New Acqusistion,no
Smith,Abraham,,SC,District called the New Acqusistion,no
Thompson,William,,SC,St. Matthew,yes
Linton,John,,SC,St. Matthew,no
Warley,Paul,,SC,St. Matthew,yes
Lestergette,Lewis,,SC,Orange,yes
Rumph,Jacob,,SC,Orange,yes
Bruce,Donald,,SC,Orange,yes
Benton,Lamuel,,SC,St. David,yes
Dewitt,William,,SC,St. David,yes
Spencer,Calvin,,SC,St. David,yes
Taylor,Samuel,,SC,St. David,yes
Brounfield,R.,,SC,St. David,yes
Hicks,Benjamin,,SC,St. David,yes
Smith,Stephen,,SC,District between Savannah River and the North Fork of Edisto.,yes
Dunbar,William,,SC,District between Savannah River and the North Fork of Edisto.,yes
Vance,Joseph,,SC,District between Savannah River and the North Fork of Edisto.,yes
Robison,William,,SC,District between Savannah River and the North Fork of Edisto.,yes
Collins,John,,SC,District between Savannah River and the North Fork of Edisto.,yes
Clark,Jonathan,,SC,District between Savannah River and the North Fork of Edisto.,yes
George,Hazard,,RI,Newport,yes
Henry,Merchant,,RI,Newport,yes
George,Champlin,,RI,Newport,yes
Peleg,Clarke,,RI,Newport,yes
William,Tripp,,RI,Newport,yes
George,Sears,,RI,Newport,yes
Jabez,Bowen,,RI,Providence,yes
Benjamin,Bourne,,RI,Providence,yes
William,Barton,,RI,Providence,yes
John I,Clark,,RI,Providence,yes
Barrington,Anthony,,RI,Portsmouth,yes
Job,Durfree,,RI,Portsmouth,did not vote
Giles,Slocum,,RI,Portsmouth,no
Peter,Barker,,RI,Portsmouth,yes
Thomas,Rice,,RI,Warwick,no
Gideon,Arnold,,RI,Warwick,no
Benjamin,Arnold,,RI,Warwick,yes
Christopher,Greene,,RI,Warwick,yes
Walter,White,,RI,Westerly,yes
George,Stillman,,RI,Westerly,yes
Edward,Hull,,RI,Newshoreham,did not vote
Ray,Sands,,RI,Newshoreham,did not vote
William,Congdon,,RI,North Kingston,no
Bowen,Card,,RI,North Kingston,no
Samuel J,Potter,,RI,South Kingston,no
Jonathan J,Howard,,RI,South Kingston,no
Pardon,Mawney,,RI,East Greenwich,no
Job,Comstock,,RI,East Greenwich,no
Benjamin,Remington,,RI,Jameston,yes
Nicholas,Carr,,RI,Jameston,yes
John,Sayles,,RI,Smithfield,no
Andrew,Waterman,,RI,Smithfield,no
James,Aldrich,,RI,Scituate,no
Nathan,Bates,,RI,Scituate,no
Daniel,Owen,,RI,Gloucester,did not vote
Stephen,Steere,,RI,Gloucester,no
Thomas,Hoxsie,,RI,Charlestown,no
Joseph,Stanton,,RI,Charlestown,no
William,Matthewson,,RI,West Greenwich,no
William,Nichols,,RI,West Greenwich,no
Benjamin,Arnold,,RI,Coventry,no
Job,Greene,,RI,Coventry,no
Joseph,Reynolds,,RI,Exeter,no
Job,Wilcox,,RI,Exeter,no
Joshua,Barker,,RI,Middletown,yes
Elisha,Barker,,RI,Middletown,yes
William,Peckham,,RI,Middletown,did not vote
William,Bradford,,RI,Bristol,yes
Shearjashub,Bourne,,RI,Bristol,yes
Isaac,Manchester,,RI,Tiverton,yes
Abraham,Barker,,RI,Tiverton,yes
William,Ladd,,RI,Little Compton,yes
John,Davis,,RI,Little Compton,yes
Benjamin,Bosworth,,RI,Warren,yes
Nathan,Miller,,RI,Warren,did not vote
Samuel,Pearce,,RI,Warren,yes
John S,Dexter,,RI,Cumberland,yes
Levi,Ballou,,RI,Cumberland,yes
James,Sheldon,,RI,Richmond,no
Thomas,James,,RI,Richmond,no
Peter,Stone,,RI,Cranston,no
Jonathan,Sprague,,RI,Cranston,no
John,Brown,,RI,Hopkinton,yes
Jesse,Maxson,,RI,Hopkinton,yes
Noah,Matthewson,,RI,Johnston,no
William,King,,RI,Johnston,no
Elisha,Brown,,RI,North Providence,no
Eseck,Esten,,RI,North Providence,no
Thomas,Allen,,RI,Barrington,yes
Samuel,Allen,,RI,Barrington,yes
William,Howard,,RI,Foster,no
John,Williams,,RI,Foster,no
Spencer,Samuel,,NC,Anson County,no
Gilbert,Jesse,,NC,Anson County,yes
May,Pleasant,,NC,Anson County,no
Wade,Thomas,,NC,Anson County,yes
Jameson,David,,NC,Anson County,yes
Blount,John G.,,NC,Beaufort County,yes
Brown,William,,NC,Beaufort County,yes
Grist,Richard,,NC,Beaufort County,yes
Ellison,Alderson,,NC,Beaufort County,yes
Arnett,Silas W.,,NC,Beaufort County,yes
Johnston,John,,NC,Bertie County,yes
Pugh,Francis,,NC,Bertie County,yes
Johnston Dawson,William,,NC,Bertie County,yes
Turner,David,,NC,Bertie County,yes
Stone,David,,NC,Bertie County,yes
Smith,Benjamin,,NC,Brunswick County,yes
Lord,William E.,,NC,Brunswick County,no
Gause,William,,NC,Brunswick County,yes
Hall,John,,NC,Brunswick County,yes
Hawkins,Dennis,,NC,Brunswick County,yes
Cowan,John,,NC,Bladen County,yes
Owen,Thomas,,NC,Bladen County,yes
Gaitier,Joseph,,NC,Bladen County,no
Brown,Thomas,,NC,Bladen County,no
Stewart,Duncan,,NC,Bladen County,no
McDowall,Charles,,NC,Burke County,yes
McDowall,Joseph,,NC,Burke County,no
McDowall Jun.,Joseph,,NC,Burke County,yes
Erwin,William E.,,NC,Burke County,yes
Carson,John,,NC,Burke County,yes
McDowall Jun.,Joseph,,NC,Craven County,yes
Allen,John,,NC,Craven County,yes
Nixon,Richard,,NC,Craven County,yes
Leech,Joseph,,NC,Craven County,yes
Williams,Thomas,,NC,Craven County,no
Ingram,John,,NC,Cumberland County,yes
Hay,John,,NC,Cumberland County,yes
Grove,William B.,,NC,Cumberland County,yes
Moore,James,,NC,Cumberland County,no
Adam,Robert,,NC,Cumberland County,yes
Easton,John,,NC,Carteret County,yes
Bell,Malachi,,NC,Carteret County,yes
Fulford,John,,NC,Carteret County,yes
Styron,Wallace,,NC,Carteret County,yes
Wallace,John,,NC,Carteret County,yes
Ferebee,William,,NC,Currituck County,yes
Williams,Thomas P.,,NC,Currituck County,yes
Ferebee,Samuel,,NC,Currituck County,yes
Duke,Andrew,,NC,Currituck County,yes
Hall,Spence,,NC,Currituck County,yes
Cabarrus,Stephen,,NC,Chowan County,yes
Johnson,Charles,,NC,Chowan County,yes
Creecy,Lemuel,,NC,Chowan County,yes
Blount,Edmund,,NC,Chowan County,yes
Righton,William,,NC,Chowan County,yes
Gregory,Isaac,,NC,Camden County,yes
Dauge,Peter,,NC,Camden County,yes
Sawyer,Enoch,,NC,Camden County,yes
Abbott,Henry,,NC,Camden County,yes
Grandy,Charles,,NC,Camden County,yes
Wommack,John,,NC,Caswell County,no
Dickens,Robert,,NC,Caswell County,no
Graves,John,,NC,Caswell County,no
Payne,Robert,,NC,Caswell County,yes
Bowman,Robert,,NC,Caswell County,yes
Edwards,Robert,,NC,Chatham County,no
Vestall,William,,NC,Chatham County,yes
Thompson,John,,NC,Chatham County,yes
Ramsay,John,,NC,Chatham County,yes
Anderson,James,,NC,Chatham County,yes
Sheppard,Benjamin,,NC,Dobbs County,yes
Lassiter,Nathan,,NC,Dobbs County,yes
Bright,Simeon,,NC,Dobbs County,yes
Pearsall,James,,NC,Duplin County,no
Gillespie,James,,NC,Duplin County,no
Dickson,Robert,,NC,Duplin County,no
Watkins,Lavan,,NC,Duplin County,no
Kenan,James,,NC,Duplin County,no
Gerrard,Charles,,NC,Davidson County,yes
Rice,Joel,,NC,Davidson County,yes
Ewing,Robert,,NC,Davidson County,yes
Mountflorence,James C.,,NC,Davidson County,yes
Dobbin,William,,NC,Davidson County,yes
Phillips,Etheldred,,NC,Edgecombe County,yes
Blount,Thomas,,NC,Edgecombe County,yes
Hilliard,Jeremiah,,NC,Edgecombe County,yes
Gray,Etheldred,,NC,Edgecombe County,yes
Fort,William,,NC,Edgecombe County,yes
Hill,Henry,,NC,Franklin County,no
Sherrod,Thomas,,NC,Franklin County,yes
Hill,Jordan,,NC,Franklin County,yes
Lancaster,William,,NC,Franklin County,yes
Christmas,William,,NC,Franklin County,yes
Hamilton,John,,NC,Guilford County,no
Gowdy,William,,NC,Guilford County,no
Caldwell,Richard D.,,NC,Guilford County,no
Gillespie,Daniel,,NC,Guilford County,no
Mitchell,Elijah,,NC,Granville County,no
Person,Thomas,,NC,Granville County,no
Yancey,Thorton,,NC,Granville County,no
Bennett,Peter,,NC,Granville County,no
Taylor Jr.,Edmund,,NC,Granville County,no
Rice,David,,NC,Gates County,yes
Riddick,Joseph,,NC,Gates County,yes
Baker,John,,NC,Gates County,yes
Sevier,John,,NC,Greene County,yes
Outlaw,Alexander,,NC,Greene County,yes
Allison,John,,NC,Greene County,yes
Doherty,George,,NC,Greene County,yes
Wilson,James,,NC,Greene County,yes
Long,Lunsford,,NC,Halifax County,yes
Baptista Ashe,John,,NC,Halifax County,yes
Qualls,Peter,,NC,Halifax County,yes
Whitaker,John,,NC,Halifax County,yes
Norfleet,Marmaduke,,NC,Halifax County,yes
Wynns,Thomas,,NC,Hertford County,yes
Montgomery,Robert,,NC,Hertford County,yes
Murfee,Hardy,,NC,Hertford County,yes
Hill,Henry,,NC,Hertford County,yes
Baker,Henry,,NC,Hertford County,yes
Eborn,John,,NC,Hyde County,yes
Watson,James,,NC,Hyde County,yes
Anderson,John,,NC,Hyde County,yes
Jasper,James,,NC,Hyde County,yes
Peters,Michael,,NC,Hyde County,yes
Henderson,Nathaniel,,NC,Hawkins County,yes
White,James,,NC,Hawkins County,yes
Hunt,John,,NC,Hawkins County,yes
Chessen,Elijah,,NC,Hawkins County,yes
Osborne,Adlai,,NC,Iredell County,yes
Brevard,Adam,,NC,Iredell County,yes
Matthews,Musentine,,NC,Iredell County,yes
Nesbitt (Nisbet),John,,NC,Iredell County,yes
Caldwell,David,,NC,Iredell County,yes
Smith,Samuel,,NC,Johnston County,yes
Bryan,Hardy,,NC,Johnston County,yes
Bridgers,William,,NC,Johnston County,yes
Hackney,William,,NC,Johnston County,yes
Handy,Matthias,,NC,Johnston County,yes
Hargett,Frederick,,NC,Jones County,yes
Whitty,Edward,,NC,Jones County,yes
Bryan,John H.,,NC,Jones County,yes
Johnston,Jacob,,NC,Jones County,yes
Dickson,Joseph,,NC,Lincoln County,yes
Moore,John,,NC,Lincoln County,yes
MacLaine,William,,NC,Lincoln County,yes
Alexander,Robert,,NC,Lincoln County,no
Caruth,John,,NC,Lincoln County,yes
Martin,William,,NC,Moore County,no
Tyson,Thomas,,NC,Moore County,yes
MacIntosh,Donald,,NC,Moore County,no
McLeod,Neill,,NC,Moore County,no
Doud,Cornelius,,NC,Moore County,no
Stewart,John,,NC,Martin County,yes
Williams,William,,NC,Martin County,yes
Mayo,Nathan,,NC,Martin County,yes
Hunter ,Thomas,,NC,Martin County,yes
Wilson,Zachias,,NC,Mecklenburg County,no
Douglass,Joseph,,NC,Mecklenburg County,no
Phifer,Caleb,,NC,Mecklenburg County,no
Graham,Joseph,,NC,Mecklenburg County,no
Porter,James,,NC,Mecklenburg County,no
Johnston,William,,NC,Montgomery County,yes
Turner,James,,NC,Montgomery County,yes
Tindall,James,,NC,Montgomery County,yes
Nesbitt,David,,NC,Montgomery County,yes
Crump,James,,NC,Montgomery County,yes
Benford,John M.,,NC,Northampton County,yes
Pride,Halcott B.,,NC,Northampton County,no
Tarver,Samuel,,NC,Northampton County,yes
Peebles,Robert,,NC,Northampton County,no
Peete,Samuel,,NC,Northampton County,yes
Bloodworth,Timothy,,NC,New Hanover County,no
Scull,John G.,,NC,New Hanover County,no
Huske,John,,NC,New Hanover County,no
Campbell,John A.,,NC,New Hanover County,no
Ellin,Howell,,NC,Nash County,yes
Vick,Wilson,,NC,Nash County,yes
Marnes,William S.,,NC,Nash County,yes
Bonds,John,,NC,Nash County,yes
Griffin,Hardy,,NC,Nash County,yes
Sneed,Robert W.,,NC,Onslow County,yes
Spicer,John,,NC,Onslow County,yes
Yates,Daniel,,NC,Onslow County,yes
Mitchell,George,,NC,Onslow County,yes
Ward,Edward,,NC,Onslow County,yes
Christmass,James,,NC,Orange County,yes
Perkins,Thomas H.,,NC,Orange County,no
Strudwick,William F.,,NC,Orange County,no
Hodge,Joseph,,NC,Orange County,no
Mebane,Alexander,,NC,Orange County,no
Everegain,Edward,,NC,Pasquotank County,yes
Swan,John,,NC,Pasquotank County,yes
Banks,Thomas,,NC,Pasquotank County,yes
Davis,Devotion,,NC,Pasquotank County,yes
Johnston,Samuel,,NC,Perquimans County,yes
Skinner,John,,NC,Perquimans County,yes
Harvey,Joseph,,NC,Perquimans County,yes
Perry,Benjamin,,NC,Perquimans County,yes
Sutton,Asbury,,NC,Perquimans County,yes
Blount,William,,NC,Pitt County,yes
Allen,Shadrick,,NC,Pitt County,yes
Armstrong,James,,NC,Pitt County,yes
Simpson,Samuel,,NC,Pitt County,yes
Bell,Benjamin,,NC,Pitt County,yes
Berger,George H.,,NC,Rowan County,no
Gaither,Bazel,,NC,Rowan County,yes
Stokes,John,,NC,Rowan County,yes
Chambers,Maxwell,,NC,Rowan County,yes
Lock,Matthew,,NC,Rowan County,no
Wood,Zebedee,,NC,Randolph County,no
Wood,Reuben,,NC,Randolph County,yes
Stedman,Nathan,,NC,Randolph County,yes
Bailey ,William,,NC,Randolph County,yes
Williams,Edward,,NC,Richmond County,yes
Watson,Alexander,,NC,Richmond County,no
Robinson,William,,NC,Richmond County,no
M'Farland,Duncan,,NC,Richmond County,no
Harragan,Darby,,NC,Richmond County,no
Porter,William,,NC,Rutherford County,yes
Holland,James,,NC,Rutherford County,yes
Lewis,Richard,,NC,Rutherford County,yes
Johnson,William,,NC,Rutherford County,yes
Bethell,William,,NC,Rockingham County,no
Gallaway,James,,NC,Rockingham County,no
Clarke,Isaac,,NC,Rockingham County,no
Phillips,Abram,,NC,Rockingham County,no
Dabney,John,,NC,Rockingham County,no
Willis,John,,NC,Robeson County,yes
Barnes,Elias,,NC,Robeson County,yes
Brown,Neill,,NC,Robeson County,yes
Cade,John,,NC,Robeson County,yes
Sion,Alford,,NC,Robeson County,yes
Winston,Joseph,,NC,Surry County,yes
Edwards,Gideon,,NC,Surry County,no
Bostwick,Absalom,,NC,Surry County,no
Lovell,Edward,,NC,Surry County,yes
Houser,George,,NC,Surry County,yes
Rhea,John,,NC,Sullivan County,yes
Nash,William,,NC,Sullivan County,no
Scott,John,,NC,Sullivan County,no
Martin,Joseph,,NC,Sullivan County,yes
Clinton,Richard,,NC,Sampson County,no
Spiller,James,,NC,Sampson County,yes
Thompson,James,,NC,Sampson County,no
Holmes,Hardy,,NC,Sampson County,no
King,William,,NC,Sampson County,no
Smith,Daniel,,NC,Sumner County,yes
Wilson,David,,NC,Sumner County,yes
Mason,Samuel,,NC,Sumner County,yes
Douglass,Edward,,NC,Sumner County,yes
Overton,John,,NC,Sumner County,yes
Montgomery,John,,NC,Tennessee County,yes
Drew,John,,NC,Tennessee County,yes
Johnston,Thomas,,NC,Tennessee County,yes
Blount,William,,NC,Tennessee County,yes
Menees,Benjamin,,NC,Tennessee County,yes
Stewart,Thomas,,NC,Tyrrell County,yes
Williamson,Hugh,,NC,Tyrrell County,yes
Frazier,Jeremiah,,NC,Tyrrell County,yes
Spruill,Simeon,,NC,Tyrrell County,yes
Chesson,Samuel,,NC,Tyrrell County,yes
Carter,Landon,,NC,Washington County,yes
Love,Robert,,NC,Washington County,yes
Blair,John,,NC,Washington County,yes
Houston,William,,NC,Washington County,yes
Green,Andrew,,NC,Washington County,yes
Hawkins,Benjamin,,NC,Warren County,yes
Hawkins,Philemon,,NC,Warren County,yes
Green,Solomon,,NC,Warren County,yes
Hawkins,Wyatt,,NC,Warren County,no
Christmass,Thomas,,NC,Warren County,no
McKinnie,Richard,,NC,Wayne County,yes
Mooring,Burwell,,NC,Wayne County,no
Cogdell,David,,NC,Wayne County,no
Jernigan,Josiah,,NC,Wayne County,yes
Handley,James,,NC,Wayne County,yes
Lane,Joel,,NC,Wake County,yes
Hines,Thomas,,NC,Wake County,yes
Lane,Henry,,NC,Wake County,yes
Sanders,Brittain,,NC,Wake County,no
Hayes,William,,NC,Wake County,yes
Brown,John,,NC,Wilkes County,no
Lenoir,William,,NC,Wilkes County,no
Herndon,Joseph,,NC,Wilkes County,no
Jones,Benjamin,,NC,Wilkes County,no
Nall,William,,NC,Wilkes County,no
Steele,John,,NC,Town of Salisbury,yes
Mare,John,,NC,Town of Edenton,yes
Benton,Samuel,,NC,Town of Hillsboro,yes
Guion,Isaac,,NC,Town of Newbern,yes
Davie,William Richardson,,NC,Town of Halifax,yes
Hill,William N.,,NC,Town of Wilmington,yes
Langdon,John,,NH,Portsmouth,yes
Gray,James,,NH,"Northwood, Epsom and Allenstown",yes
Hall,Aaron,,NH,Keene,yes
Pickering,John,,NH,Portsmouth,yes
Glidden,Charles,,NH,Northfield,yes
Whitcomb,Elisha,,NH,Swanzey,yes
Long,Pierse,,NH,Portsmouth,yes
Calfe,John,,NH,Hampstead,yes
Chamberlain,Moses,,NH,Winchester,yes
Gilman,John Taylor,,NH,Exeter,yes
Bettan,James,,NH,Windham,yes
Temple,Archelaus,,NH,Westmoreland,yes
Blanchard,Joseph,,NH,Chester,yes
Moody,Amos,,NH,Pelham,yes
Bellows,Benjamin,,NH,Walpole,yes
Adams,Benjamin,,NH,Newington,yes
Green,Ezra,,NH,Dover,yes
Chase,Jonathan,,NH,Cornish and Grantham,yes
Weeks,Icabod,,NH,Greenland,yes
Sullivan,John,,NH,Durham,yes
Griffin,Samuel,,NH,Dublin and Packerfield,yes
Goss,Nathan,,NH,Rye,yes
Carr,Moses,,NH,Somersworth,yes
Kimball,Joseph,,NH,Plainfield,yes
Prescutt,Henry,,NH,New Castle,yes
Hale,Samuel,,NH,Barrington,yes
Livermore,Samuel,,NH,"Campton, Holderness and Thorton",yes
Thurston,Benjamin,,NH,North Hampton,yes
Bedee,Daniel,,NH,Sandwich and Tamworth,yes
Worster,Francis,,NH,"Plymouth, Rumney and Wentworth",yes
Shannon,Nathaniel,,NH,"Moultonborough, Tuftonborough, Wolfeborough and Ossipee",yes
Crawford,Thomas,,NH,"New Chester, Alexandria and Cockermouth",yes
Toppan,Christopher,,NH,Hampton,yes
Chesley,Jonathan,,NH,"Barnstead, New Durham and N.D. Gore",yes
Johnson,Jesse,,NH,"Enfield, Canaan, Cardigan, Dorchester and Grafton",yes
Langdon,Samuel,,NH,Hampton Falls and Seabrook,yes
Hall,John,,NH,Derryfield,yes
Freeman,Jonathan,,NH,Hanover,yes
Wiggin,Jonathan,,NH,Stratham,yes
Dakin,Amos,,NH,Raby and Mason,yes
Payne,Elisha,,NH,Lebenon,yes
Fogg,Jeremiah,,NH,Kensington,yes
Abbott,William,,NH,Wilton,yes
Simpson,William,,NH,Lyme and Orford,yes
Bartlett,Josiah,,NH,Kingston,yes
Wilkins,Robert B.,,NH,Henniker and Hillsborough,yes
Patterson,Isaac,,NH,Lincoln and Franconia,yes
Ranney,Thomas Stow,,NH,Brentwood,yes
Morss,Joshua,,NH,Hopkinton,yes
Young,Samuel,,NH,"Bath, Lyman, Landaff, Littleton and Dalton",yes
Rogers,Nathaniel,,NH,Newmarket,yes
Gerrish,Joseph,,NH,Boscawen,yes
Weeks,John,,NH,"Lancaster, Northumberland, Stratford, Dartmouth, Piercy, Cockburn and Coleman.",yes
Bartlett,Thomas,,NH,Nottingham,yes
West,Benjamin,,NH,Charlestown,yes
Chadwick,Edmund,,NH,Deerfield,yes
Shepherd,Oliver,,NH,Alstead,yes
Runnels,Daniel,,NH,Londonberry,no
Clough,Jeremiah,,NH,Canterbury,no
Chase,Thomas,,NH,Raymond and Poplin,no
McMurphy,Archibald,,NH,Londonberry,no
Smith,Jonathan,,NH,Loudon,no
Sleeper,Nehemiah,,NH,Hawke and Sandown,no
Clough,Benjamin,,NH,South Hampton and East Kingston,no
Emery,Benjamin,,NH,Concord,no
Stone,Benjamin,,NH,Atkinson and Plaistow,no
Sias,Benjamin,,NH,Chichester and Pittsfield,no
Fifield,Stephen,,NH,Candia,no
Dow,Thomas,,NH,Salem,no
Steward,Robert,,NH,Newton,no
Page,David,,NH,"Conway, Eaton, Burton, and Locations",no
Parker,Abel,,NH,Jaffrey,no
Palmer,Barnabas,,NH,Rochester,no
Kindrick,Daniel,,NH,Hollis,no
Harvey,Solomon,,NH,Chesterfield,no
Harper,William,,NH,Sanbornton,no
Atherton,Joshua,,NH,Amherst,no
Thomas,Othniel,,NH,Rindge,no
Badger,Joseph,,NH,Gilmanton,no
Barrett,Charles,,NH,New Ipswich,no
Stone,Matthias,,NH,Claremont,no
Hooper,William,,NH,Madbury,no
Bixby,Daniel,,NH,Litchfield,no
Remmele,John,,NH,Newport and Croydon,no
Austin,Nicholas,,NH,"Wakefield, Middleton and Effingham",no
Jones,Benjamin,,NH,Lyndeborough,no
Grout,Daniel,,NH,"Acworth, Lempster and Marlow",no
Page,William,,NH,Goffstown,no
Cragin,John,,NH,Temple and Peterborough Slip,no
True,Moses,,NH,Wendall and Unity,no
Cummings,Ebenezer,,NH,Nottingham West,no
Cochran,John,,NH,New Boston,no
Penniman,Thomas,,NH,Stoddard and Washington,no
Bixby,Thomas,,NH,Francestown,no
Dow,Jonathan,,NH,Weare,no
Tainter,Jedediah,,NH,Marlborough,no
Hunt,William,,NH,Dunstable,no
Green,Jacob,,NH,Dunbarton and Bow,no
Winch,Caleb,,NH,Fitzwilliam,no
Taylor,Timothy,,NH,Merrimack,no
Bean,Nathaniel,,NH,"Fishersfield, Sutton and Warner",no
Hutchins,Joseph,,NH,"Haverhill, Piermon, Warren and Coventry",no
Dole,Stephen,,NH,Bedford,no
Gaskill,Jonathan,,NH,Richmond,no
Hill,Reuben,,NH,Lee,did not vote
Ladd,Nathaniel,,NH,Epping,did not vote
Dow,Evan,,NH,"Hancock, Antrim and Deering",did not vote
Evans,Uriel,,NH,Hinsdale,did not vote
Smith,Ebenezer,,NH,Meredith and New Hampton,did not vote
Smith,Jonathan,,NH,Surry and Gilsum,did not vote
Webster,Ebenezer,,NH,Salisbury,did not vote
